File_ID,File_Name,Data_Category,Data_Type,Project_ID,Case_ID,Sample_ID,GROUP
f2350353-3970-469a-9404-3395071ca3ee,63691c59-d630-4b06-82bb-3d0587638a33.FPKM.txt.gz,Transcriptome Profiling,Gene Expression Quantification,TCGA-COAD,TCGA-3L-AA1B,TCGA-3L-AA1B-01A,Primary Tumor
1d83dd13-42ee-44f5-807f-186db5757ac1,966ad64a-5a6d-4219-ac8e-adbfb9a79cad.FPKM.txt.gz,Transcriptome Profiling,Gene Expression Quantification,TCGA-COAD,TCGA-4N-A93T,TCGA-4N-A93T-01A,Primary Tumor
2585d03c-13d8-43fb-8418-8e02e04019fd,1cbb39ca-efbf-4080-bd32-1b76006394a8.FPKM.txt.gz,Transcriptome Profiling,Gene Expression Quantification,TCGA-COAD,TCGA-4T-AA8H,TCGA-4T-AA8H-01A,Primary Tumor
9dfc77b3-9367-4e8b-8f33-16d0386f2d4e,f3ca8406-7724-4096-8f4c-31f39ae25901.FPKM.txt.gz,Transcriptome Profiling,Gene Expression Quantification,TCGA-COAD,TCGA-5M-AAT4,TCGA-5M-AAT4-01A,Primary Tumor
11b4acb9-b916-4240-a80c-bd196bdd8270,b3766385-e86d-45fc-8baa-61162749feff.FPKM.txt.gz,Transcriptome Profiling,Gene Expression Quantification,TCGA-COAD,TCGA-5M-AAT5,TCGA-5M-AAT5-01A,Primary Tumor
a0aa30fb-dc87-49bc-8ba4-b66c46f99696,d6224860-0b09-4d96-8a50-4acb3f72e904.FPKM.txt.gz,Transcriptome Profiling,Gene Expression Quantification,TCGA-COAD,TCGA-5M-AAT6,TCGA-5M-AAT6-01A,Primary Tumor
5ebda20f-eb47-4f5c-9fcb-537e66ccaa90,e7b00f7c-3aed-46f9-9126-0da4f4e74320.FPKM.txt.gz,Transcriptome Profiling,Gene Expression Quantification,TCGA-COAD,TCGA-5M-AATA,TCGA-5M-AATA-01A,Primary Tumor
45a2c27a-af73-4203-aa89-c790b99aff4d,ba11a188-132a-4a25-b2b7-f958694976e8.FPKM.txt.gz,Transcriptome Profiling,Gene Expression Quantification,TCGA-COAD,TCGA-5M-AATE,TCGA-5M-AATE-01A,Primary Tumor
b4082470-7ad4-45d9-bf35-256e3dcd5576,d15c1117-5ccd-47da-bb0a-51e5a71535ff.FPKM.txt.gz,Transcriptome Profiling,Gene Expression Quantification,TCGA-COAD,TCGA-A6-2671,TCGA-A6-2671-01A,Primary Tumor
14decac8-cf20-43cd-8a77-6f30d48bb30f,1b054b39-aa38-4356-8447-71f211365a01.FPKM.txt.gz,Transcriptome Profiling,Gene Expression Quantification,TCGA-COAD,TCGA-A6-2672,TCGA-A6-2672-01A,Primary Tumor
21723f9a-4305-4b15-b752-0c263bf1f7f5,7f9a629b-12ed-48cc-8d5c-1c2f5db9cf1f.FPKM.txt.gz,Transcriptome Profiling,Gene Expression Quantification,TCGA-COAD,TCGA-A6-2674,TCGA-A6-2674-01B,Primary Tumor
c8b04815-841c-4ddc-b4b0-553f3ee97d35,b57f69a6-91ca-4131-a654-5495f6dd1131.FPKM.txt.gz,Transcriptome Profiling,Gene Expression Quantification,TCGA-COAD,TCGA-A6-2675,TCGA-A6-2675-01A,Primary Tumor
55beecdf-4c7d-4738-8ead-80fc3df758d1,4ea4ed16-8597-426c-9485-0fc8a8d81973.FPKM.txt.gz,Transcriptome Profiling,Gene Expression Quantification,TCGA-COAD,TCGA-A6-2676,TCGA-A6-2676-01A,Primary Tumor
dc4d401a-8d28-4000-b286-4596e41b7e0e,97503aa9-93a5-4ff6-bb19-203ea235c2bf.FPKM.txt.gz,Transcriptome Profiling,Gene Expression Quantification,TCGA-COAD,TCGA-A6-2677,TCGA-A6-2677-01A,Primary Tumor
d7c59b09-cd30-4085-a286-567a4e5242fa,92bd3edc-d6f3-4cfc-be03-4662199a06c2.FPKM.txt.gz,Transcriptome Profiling,Gene Expression Quantification,TCGA-COAD,TCGA-A6-2678,TCGA-A6-2678-01A,Primary Tumor
5cc4d0f8-d8c8-406c-a609-bfbfe363821f,d265829a-9e49-4e21-ba72-67f5ba406204.FPKM.txt.gz,Transcriptome Profiling,Gene Expression Quantification,TCGA-COAD,TCGA-A6-2679,TCGA-A6-2679-01A,Primary Tumor
e7f6fb8e-17b0-4fd5-b52a-093182613fa8,b2d38886-f7a9-439e-86ac-d99d45447cc1.FPKM.txt.gz,Transcriptome Profiling,Gene Expression Quantification,TCGA-COAD,TCGA-A6-2680,TCGA-A6-2680-01A,Primary Tumor
b39ca5da-9905-4cb1-8d5f-108b23b13e1a,77489a8a-5b35-4350-87c9-a588fcc0794c.FPKM.txt.gz,Transcriptome Profiling,Gene Expression Quantification,TCGA-COAD,TCGA-A6-2681,TCGA-A6-2681-01A,Primary Tumor
c65e79cc-6f16-4932-a400-9ac6c262afa6,9e189255-33ba-4802-934b-dd8a7898ef0a.FPKM.txt.gz,Transcriptome Profiling,Gene Expression Quantification,TCGA-COAD,TCGA-A6-2682,TCGA-A6-2682-01A,Primary Tumor
e7701f3c-3693-4ad4-ba15-c1f2defcaede,d334512c-d092-459a-aab7-a3a0e281d9d4.FPKM.txt.gz,Transcriptome Profiling,Gene Expression Quantification,TCGA-COAD,TCGA-A6-2683,TCGA-A6-2683-01A,Primary Tumor
99000a63-24f0-49ef-81a3-c7fe52397444,29dab10a-a0a0-4dbd-b574-97c22b70a3f1.FPKM.txt.gz,Transcriptome Profiling,Gene Expression Quantification,TCGA-COAD,TCGA-A6-2684,TCGA-A6-2684-01C,Primary Tumor
4bff56fd-df1e-4669-85aa-b6bba154cc6c,228845f8-1ad7-4193-a570-e17871798c67.FPKM.txt.gz,Transcriptome Profiling,Gene Expression Quantification,TCGA-COAD,TCGA-A6-2685,TCGA-A6-2685-01A,Primary Tumor
a44a3a7b-6a36-417d-8be2-bc113d25a0b3,6314b0c4-f403-4c6b-91ba-02bacf1c6de7.FPKM.txt.gz,Transcriptome Profiling,Gene Expression Quantification,TCGA-COAD,TCGA-A6-2686,TCGA-A6-2686-01A,Primary Tumor
3d9e659e-ba10-4fa8-9c7a-a160f1295484,60bfd325-330c-4f93-8d08-bb2ab04ee292.FPKM.txt.gz,Transcriptome Profiling,Gene Expression Quantification,TCGA-COAD,TCGA-A6-3807,TCGA-A6-3807-01A,Primary Tumor
e098ce7f-77a9-4c45-a98d-d223ea3938f1,762034f5-879b-4e74-a75d-064aee08c500.FPKM.txt.gz,Transcriptome Profiling,Gene Expression Quantification,TCGA-COAD,TCGA-A6-3808,TCGA-A6-3808-01A,Primary Tumor
6240d15a-5a66-4a5a-80b6-a16425513434,7800bdb2-aa8b-43e0-8e45-1b968872b34e.FPKM.txt.gz,Transcriptome Profiling,Gene Expression Quantification,TCGA-COAD,TCGA-A6-3809,TCGA-A6-3809-01B,Primary Tumor
3f670fab-0642-4aa0-802a-a76b71752982,a4de3403-a3ca-4c5c-baf4-99e7068fa0d5.FPKM.txt.gz,Transcriptome Profiling,Gene Expression Quantification,TCGA-COAD,TCGA-A6-3810,TCGA-A6-3810-01B,Primary Tumor
0f18488c-707b-44e5-8deb-038b5eca9354,fabefb10-5546-4017-8ea1-29982a10fb3c.FPKM.txt.gz,Transcriptome Profiling,Gene Expression Quantification,TCGA-COAD,TCGA-A6-4105,TCGA-A6-4105-01A,Primary Tumor
1661d2cd-b97d-4a42-92c6-468e9c58a9fe,72174abe-f80f-4b7c-8cd5-aa00533486a8.FPKM.txt.gz,Transcriptome Profiling,Gene Expression Quantification,TCGA-COAD,TCGA-A6-4107,TCGA-A6-4107-01A,Primary Tumor
d1deb048-5b52-4e75-bc32-ee3463e3d9c2,6e933523-30a6-46a8-833d-7379b88c1c14.FPKM.txt.gz,Transcriptome Profiling,Gene Expression Quantification,TCGA-COAD,TCGA-A6-5656,TCGA-A6-5656-01B,Primary Tumor
c3dd0e3f-6e7a-4144-9919-380d6da2bb20,13abc91e-fbfc-4c55-bf54-fbd134979ccc.FPKM.txt.gz,Transcriptome Profiling,Gene Expression Quantification,TCGA-COAD,TCGA-A6-5657,TCGA-A6-5657-01A,Primary Tumor
2cc98403-caf4-472f-bafe-b08b574eeeee,547c5238-9d5e-4391-ab5f-b62f576af519.FPKM.txt.gz,Transcriptome Profiling,Gene Expression Quantification,TCGA-COAD,TCGA-A6-5659,TCGA-A6-5659-01B,Primary Tumor
547a1d08-1dd9-442c-a041-e5469caa210e,e2916399-9c6c-4d75-a22d-b180ea174644.FPKM.txt.gz,Transcriptome Profiling,Gene Expression Quantification,TCGA-COAD,TCGA-A6-5660,TCGA-A6-5660-01A,Primary Tumor
e5fc77b4-2f01-4422-b1cc-a7c938629bb1,5b9b9a3d-51bf-4f62-bf19-7c7ea0267030.FPKM.txt.gz,Transcriptome Profiling,Gene Expression Quantification,TCGA-COAD,TCGA-A6-5661,TCGA-A6-5661-01A,Primary Tumor
54b6f8e0-6d93-48be-8ab5-59926cb21935,b0556a60-d6c1-417a-96c0-a861eb45f95d.FPKM.txt.gz,Transcriptome Profiling,Gene Expression Quantification,TCGA-COAD,TCGA-A6-5662,TCGA-A6-5662-01A,Primary Tumor
fc8eb2ef-f128-460f-b75e-d001db2892a2,2e81bac9-aafa-4aba-ba62-327e3bc8dc51.FPKM.txt.gz,Transcriptome Profiling,Gene Expression Quantification,TCGA-COAD,TCGA-A6-5664,TCGA-A6-5664-01A,Primary Tumor
7afa9683-0452-4397-89aa-735ac1afaa7d,bf8d10e1-1241-48fa-95a2-9e97fc58c17a.FPKM.txt.gz,Transcriptome Profiling,Gene Expression Quantification,TCGA-COAD,TCGA-A6-5665,TCGA-A6-5665-01A,Primary Tumor
9ffa7199-25aa-4a53-916f-8413437a1277,773c7ef0-9536-455e-a3bb-3bc8d835af01.FPKM.txt.gz,Transcriptome Profiling,Gene Expression Quantification,TCGA-COAD,TCGA-A6-5666,TCGA-A6-5666-01A,Primary Tumor
c52c8745-b878-405c-a2e9-d0557f8761ee,1c1a1ce6-b06e-421b-9f0b-a9215d553666.FPKM.txt.gz,Transcriptome Profiling,Gene Expression Quantification,TCGA-COAD,TCGA-A6-5667,TCGA-A6-5667-01A,Primary Tumor
ccaa941a-5974-49a8-937c-cafd12deb6f1,0cb305a5-d4a7-4eb8-8e8e-d11a5ebc3e0f.FPKM.txt.gz,Transcriptome Profiling,Gene Expression Quantification,TCGA-COAD,TCGA-A6-6137,TCGA-A6-6137-01A,Primary Tumor
4e9cb7e8-f93d-458d-8c35-7ad62fa1356c,04404d33-da5c-4477-ae6a-b968332c48c0.FPKM.txt.gz,Transcriptome Profiling,Gene Expression Quantification,TCGA-COAD,TCGA-A6-6138,TCGA-A6-6138-01A,Primary Tumor
8f9359cb-0cc3-4a8f-a5af-8ef3582fa26d,9bf28651-4429-4fe5-9e9e-dda3a2aaa221.FPKM.txt.gz,Transcriptome Profiling,Gene Expression Quantification,TCGA-COAD,TCGA-A6-6140,TCGA-A6-6140-01A,Primary Tumor
9f8a8477-2965-4e90-bd89-18fee25a14fa,c41b924e-d405-4501-a981-1c04d70a841e.FPKM.txt.gz,Transcriptome Profiling,Gene Expression Quantification,TCGA-COAD,TCGA-A6-6141,TCGA-A6-6141-01A,Primary Tumor
298971c6-a8f6-47d9-8a17-81816fc476ac,9df0a5b7-5bf9-4795-9910-bbf7cccf6fda.FPKM.txt.gz,Transcriptome Profiling,Gene Expression Quantification,TCGA-COAD,TCGA-A6-6142,TCGA-A6-6142-01A,Primary Tumor
1c3f0b88-3b96-489c-bb65-1372d38b0e28,07d449a4-27ec-4f3f-a922-25fb777d37a7.FPKM.txt.gz,Transcriptome Profiling,Gene Expression Quantification,TCGA-COAD,TCGA-A6-6648,TCGA-A6-6648-01A,Primary Tumor
7d9e2fb4-996c-4a9f-832a-2f4830991b3a,de19faaa-60f9-4b3d-be28-00505d5a82e5.FPKM.txt.gz,Transcriptome Profiling,Gene Expression Quantification,TCGA-COAD,TCGA-A6-6649,TCGA-A6-6649-01A,Primary Tumor
7307bf95-13d1-49de-9080-026d61a79505,b1a7e378-a07b-4434-8a5d-d4756b7d523c.FPKM.txt.gz,Transcriptome Profiling,Gene Expression Quantification,TCGA-COAD,TCGA-A6-6650,TCGA-A6-6650-01B,Primary Tumor
e9ce9adb-0876-4172-8836-ee97e0177e60,a202e636-8c19-4ce8-9902-bdd7be7a3447.FPKM.txt.gz,Transcriptome Profiling,Gene Expression Quantification,TCGA-COAD,TCGA-A6-6651,TCGA-A6-6651-01A,Primary Tumor
a5c2a47e-5b8b-4069-a5ff-c5a78495b740,c092a289-d058-4a3f-85b6-da3fde34568d.FPKM.txt.gz,Transcriptome Profiling,Gene Expression Quantification,TCGA-COAD,TCGA-A6-6652,TCGA-A6-6652-01A,Primary Tumor
18006fa1-1bff-43f6-8521-e36bcce8a310,b520edf2-42ce-4b64-8575-19e34b30f042.FPKM.txt.gz,Transcriptome Profiling,Gene Expression Quantification,TCGA-COAD,TCGA-A6-6653,TCGA-A6-6653-01A,Primary Tumor
c9b896b2-07b1-4b64-b2c3-3e83162628fe,3abbd2b5-04db-4fe0-8dd1-ea2b48caa4c1.FPKM.txt.gz,Transcriptome Profiling,Gene Expression Quantification,TCGA-COAD,TCGA-A6-6654,TCGA-A6-6654-01A,Primary Tumor
6d06844b-23e9-4e5e-b5cd-90c9e32a8633,934f9dc6-1260-4268-b022-870f1e37dd6f.FPKM.txt.gz,Transcriptome Profiling,Gene Expression Quantification,TCGA-COAD,TCGA-A6-6780,TCGA-A6-6780-01B,Primary Tumor
8e558762-3f5e-4248-b300-b316f82f322e,3be1b9f1-f61a-426c-ae3c-a94517d0f9d7.FPKM.txt.gz,Transcriptome Profiling,Gene Expression Quantification,TCGA-COAD,TCGA-A6-6781,TCGA-A6-6781-01B,Primary Tumor
17bf3ae9-b6a0-4535-afd7-2534e18afd7a,d1878265-460d-4768-a67d-73d8d5a315b7.FPKM.txt.gz,Transcriptome Profiling,Gene Expression Quantification,TCGA-COAD,TCGA-A6-6782,TCGA-A6-6782-01A,Primary Tumor
642a0d54-b2c2-42cf-b4c7-22a3ccf0c934,e6bb29b7-b632-4e61-bc17-ef2e9173289b.FPKM.txt.gz,Transcriptome Profiling,Gene Expression Quantification,TCGA-COAD,TCGA-A6-A565,TCGA-A6-A565-01A,Primary Tumor
11fc5aa7-c8c6-442b-ad71-6eb1cc31d2de,f3895ae4-1228-49b3-9342-3c3b86cb5243.FPKM.txt.gz,Transcriptome Profiling,Gene Expression Quantification,TCGA-COAD,TCGA-A6-A566,TCGA-A6-A566-01A,Primary Tumor
c9e3919f-e490-4dc3-abe9-becef06ba142,b7b21fe3-2e21-4282-a707-da3c69a4453b.FPKM.txt.gz,Transcriptome Profiling,Gene Expression Quantification,TCGA-COAD,TCGA-A6-A567,TCGA-A6-A567-01A,Primary Tumor
a30971ef-da3a-4603-a67d-1485680a3001,f4b179c1-9d27-439b-a1ef-3dfbbd684c15.FPKM.txt.gz,Transcriptome Profiling,Gene Expression Quantification,TCGA-COAD,TCGA-A6-A56B,TCGA-A6-A56B-01A,Primary Tumor
a6ab3128-15f4-4276-ae09-dd5a756601d0,bbf586b3-2d8d-4a50-b5b1-7d0c75b6570d.FPKM.txt.gz,Transcriptome Profiling,Gene Expression Quantification,TCGA-COAD,TCGA-A6-A5ZU,TCGA-A6-A5ZU-01A,Primary Tumor
aad59e9c-eacc-4afc-bc8b-6c56152bbe0c,f50722f7-d55b-49b0-8c11-4502b9cf42d5.FPKM.txt.gz,Transcriptome Profiling,Gene Expression Quantification,TCGA-COAD,TCGA-AA-3488,TCGA-AA-3488-01A,Primary Tumor
3dd034cc-fd06-400d-997d-770bee184fa5,bb5ddfe6-cd9a-4702-873c-9607e6522161.FPKM.txt.gz,Transcriptome Profiling,Gene Expression Quantification,TCGA-COAD,TCGA-AA-3489,TCGA-AA-3489-01A,Primary Tumor
362df317-4e6b-45e1-98c6-88baeae0b340,2abfe58f-f168-413f-a56f-4c3c2aedbe3d.FPKM.txt.gz,Transcriptome Profiling,Gene Expression Quantification,TCGA-COAD,TCGA-AA-3492,TCGA-AA-3492-01A,Primary Tumor
04b9f961-e895-4413-989c-b218cfed408d,09977485-e1d1-41b1-b2b8-7ab0ad6df0a0.FPKM.txt.gz,Transcriptome Profiling,Gene Expression Quantification,TCGA-COAD,TCGA-AA-3494,TCGA-AA-3494-01A,Primary Tumor
ce026ff3-35c1-4554-b434-e8edb75f1fa8,f7add57c-753b-49c0-8d79-29fa86ddd615.FPKM.txt.gz,Transcriptome Profiling,Gene Expression Quantification,TCGA-COAD,TCGA-AA-3495,TCGA-AA-3495-01A,Primary Tumor
4843dfb6-3e67-451e-897e-d4fbcfafd52c,c6972d82-17ef-4d72-8827-a5305d55f784.FPKM.txt.gz,Transcriptome Profiling,Gene Expression Quantification,TCGA-COAD,TCGA-AA-3496,TCGA-AA-3496-01A,Primary Tumor
e35d762e-7c9f-4a31-9f31-04faa97e32a9,2bbbc886-4ec2-46f0-9c1c-4a6e8500c3a8.FPKM.txt.gz,Transcriptome Profiling,Gene Expression Quantification,TCGA-COAD,TCGA-AA-3502,TCGA-AA-3502-01A,Primary Tumor
f8068e5e-752c-4652-a251-aa35ed6fe250,564daa81-cfef-45b6-94a0-3249b2724d9b.FPKM.txt.gz,Transcriptome Profiling,Gene Expression Quantification,TCGA-COAD,TCGA-AA-3506,TCGA-AA-3506-01A,Primary Tumor
a0fd8f89-5fc3-4df0-b813-fc4326db6bd4,80592959-da54-41d0-9b82-ed279be3ecea.FPKM.txt.gz,Transcriptome Profiling,Gene Expression Quantification,TCGA-COAD,TCGA-AA-3509,TCGA-AA-3509-01A,Primary Tumor
d85fc3b8-fe58-4eef-867b-5cab51bb004b,0ee894a2-b2d9-4d06-bba4-dc1e915c698a.FPKM.txt.gz,Transcriptome Profiling,Gene Expression Quantification,TCGA-COAD,TCGA-AA-3510,TCGA-AA-3510-01A,Primary Tumor
7e2a5bb7-93e6-4ef5-b1cb-b7685100810b,464cbc87-fa59-4fc9-8617-b697f3f29b02.FPKM.txt.gz,Transcriptome Profiling,Gene Expression Quantification,TCGA-COAD,TCGA-AA-3511,TCGA-AA-3511-01A,Primary Tumor
96cc651a-403c-4486-94d0-476d401c2940,e2bdca76-7bc5-4143-a6f6-3c6642425c65.FPKM.txt.gz,Transcriptome Profiling,Gene Expression Quantification,TCGA-COAD,TCGA-AA-3514,TCGA-AA-3514-01A,Primary Tumor
1f8c2090-f632-491e-bfb6-6341701157cd,bda1a9a4-a14f-4463-81d2-a4fcca65d6f1.FPKM.txt.gz,Transcriptome Profiling,Gene Expression Quantification,TCGA-COAD,TCGA-AA-3516,TCGA-AA-3516-01A,Primary Tumor
768a130a-7c44-42ae-882b-52a6a5224ff2,c55df672-3e6a-4625-bee3-4736808f96d7.FPKM.txt.gz,Transcriptome Profiling,Gene Expression Quantification,TCGA-COAD,TCGA-AA-3517,TCGA-AA-3517-01A,Primary Tumor
acb14737-ec06-4175-9f31-c0d5d21a0999,988eba37-1b57-4740-b0ba-9491b57421ab.FPKM.txt.gz,Transcriptome Profiling,Gene Expression Quantification,TCGA-COAD,TCGA-AA-3518,TCGA-AA-3518-01A,Primary Tumor
512dd57a-46f8-4ca6-bad1-6cd993293fe5,e8f1fe81-08ce-4db4-bd74-5f9d4b4143f3.FPKM.txt.gz,Transcriptome Profiling,Gene Expression Quantification,TCGA-COAD,TCGA-AA-3519,TCGA-AA-3519-01A,Primary Tumor
41345669-2d57-4f9d-b715-cf8bb3130cba,96f97dd0-3c7a-4a8c-a165-9ab14c9fcef6.FPKM.txt.gz,Transcriptome Profiling,Gene Expression Quantification,TCGA-COAD,TCGA-AA-3520,TCGA-AA-3520-01A,Primary Tumor
45344b32-43eb-4315-9cf6-a7465a6ffcf6,692efd81-4aba-45fb-a7fd-35c10c79ebf2.FPKM.txt.gz,Transcriptome Profiling,Gene Expression Quantification,TCGA-COAD,TCGA-AA-3521,TCGA-AA-3521-01A,Primary Tumor
127e4a45-6e12-4467-a5cc-b2d6a07de1b5,db9a7c76-8e42-4f1a-81a3-a9d4eb5365aa.FPKM.txt.gz,Transcriptome Profiling,Gene Expression Quantification,TCGA-COAD,TCGA-AA-3522,TCGA-AA-3522-01A,Primary Tumor
5113b093-73af-452a-884d-05cf9f98334d,05eef9f8-a246-403a-b0be-07d274b6f93a.FPKM.txt.gz,Transcriptome Profiling,Gene Expression Quantification,TCGA-COAD,TCGA-AA-3524,TCGA-AA-3524-01A,Primary Tumor
a2ca0c32-d9d4-4e9b-824a-7bc11cfb7634,ff8de5e6-76c5-491a-8fac-41492723b780.FPKM.txt.gz,Transcriptome Profiling,Gene Expression Quantification,TCGA-COAD,TCGA-AA-3525,TCGA-AA-3525-01A,Primary Tumor
ad120308-aaa1-492d-8bb0-9e4db8f080b4,d3085a8c-2850-4e9a-a0d0-7443b14d207b.FPKM.txt.gz,Transcriptome Profiling,Gene Expression Quantification,TCGA-COAD,TCGA-AA-3526,TCGA-AA-3526-01A,Primary Tumor
978db2b3-c13e-48b9-80f8-98261fd907a1,51cca578-4550-43e0-b37d-3275339748cd.FPKM.txt.gz,Transcriptome Profiling,Gene Expression Quantification,TCGA-COAD,TCGA-AA-3527,TCGA-AA-3527-01A,Primary Tumor
e28dba64-2946-4a43-8a9b-d2ef03387c4d,0a8b5557-54ea-46de-b575-8d781ff86513.FPKM.txt.gz,Transcriptome Profiling,Gene Expression Quantification,TCGA-COAD,TCGA-AA-3529,TCGA-AA-3529-01A,Primary Tumor
903f01be-a2bd-449f-a6a6-967d9443e685,9dc13355-5e6a-4d51-a58f-816699c1f466.FPKM.txt.gz,Transcriptome Profiling,Gene Expression Quantification,TCGA-COAD,TCGA-AA-3530,TCGA-AA-3530-01A,Primary Tumor
77c1790b-ad64-435e-9f4a-fe739b11300e,708a16a3-7a5e-4e27-b06b-4c3c308b11fe.FPKM.txt.gz,Transcriptome Profiling,Gene Expression Quantification,TCGA-COAD,TCGA-AA-3531,TCGA-AA-3531-01A,Primary Tumor
7e0e6569-65d8-4cfd-be20-b303da3bcd35,5ada9c2e-2b69-441d-94e0-71ef126a886f.FPKM.txt.gz,Transcriptome Profiling,Gene Expression Quantification,TCGA-COAD,TCGA-AA-3532,TCGA-AA-3532-01A,Primary Tumor
d6b16990-8d7c-4d1a-b039-9da601513130,a56fc33b-c67d-435c-8e07-ce1a50e360fa.FPKM.txt.gz,Transcriptome Profiling,Gene Expression Quantification,TCGA-COAD,TCGA-AA-3534,TCGA-AA-3534-01A,Primary Tumor
2d2d6537-f78d-45c2-95d9-f770dd4bf3d7,791be1d7-104d-452d-9d2c-25276bc5f31a.FPKM.txt.gz,Transcriptome Profiling,Gene Expression Quantification,TCGA-COAD,TCGA-AA-3538,TCGA-AA-3538-01A,Primary Tumor
671bf3bf-a67e-4be4-9354-25eafa365985,892ff51f-ffd8-4b99-afa8-0e29e5db2565.FPKM.txt.gz,Transcriptome Profiling,Gene Expression Quantification,TCGA-COAD,TCGA-AA-3542,TCGA-AA-3542-01A,Primary Tumor
8fb19b6b-b43d-46fb-83f3-13f03bc58312,05261012-4f7a-4c5e-a1e8-ffb440ec80cf.FPKM.txt.gz,Transcriptome Profiling,Gene Expression Quantification,TCGA-COAD,TCGA-AA-3543,TCGA-AA-3543-01A,Primary Tumor
06a3db64-81e6-4457-ab17-dc0620fcb47c,6f699ea3-1d77-493e-9e9b-a3e2abbd2873.FPKM.txt.gz,Transcriptome Profiling,Gene Expression Quantification,TCGA-COAD,TCGA-AA-3544,TCGA-AA-3544-01A,Primary Tumor
7ab27b5d-8b47-4c37-80bf-fadc3757ddbf,34a01f97-6758-45ea-930c-0b829a064944.FPKM.txt.gz,Transcriptome Profiling,Gene Expression Quantification,TCGA-COAD,TCGA-AA-3548,TCGA-AA-3548-01A,Primary Tumor
a88cffe6-9020-4401-9402-6e2a4fb27110,a902f09a-115f-4374-ad8a-4aace335fbbb.FPKM.txt.gz,Transcriptome Profiling,Gene Expression Quantification,TCGA-COAD,TCGA-AA-3549,TCGA-AA-3549-01A,Primary Tumor
41fe6678-261c-4c09-843a-0d4b307fab8e,3c6178fe-0add-4c72-96b2-a3aeda20f36d.FPKM.txt.gz,Transcriptome Profiling,Gene Expression Quantification,TCGA-COAD,TCGA-AA-3552,TCGA-AA-3552-01A,Primary Tumor
63296c95-fe91-42d4-bb97-b1b1d738c272,a6cd69d5-ea54-4183-aac5-2b6efb311db3.FPKM.txt.gz,Transcriptome Profiling,Gene Expression Quantification,TCGA-COAD,TCGA-AA-3553,TCGA-AA-3553-01A,Primary Tumor
7ab76408-1e57-409f-9dae-3fa4fd855b44,4e7c6811-88e4-4bb7-a88f-7491dfa6d072.FPKM.txt.gz,Transcriptome Profiling,Gene Expression Quantification,TCGA-COAD,TCGA-AA-3554,TCGA-AA-3554-01A,Primary Tumor
2881c22d-238e-4431-a3e6-d565cc9d72ac,d51754a9-71d1-4cc4-868e-fe8d29efa4d9.FPKM.txt.gz,Transcriptome Profiling,Gene Expression Quantification,TCGA-COAD,TCGA-AA-3555,TCGA-AA-3555-01A,Primary Tumor
d31f3f4b-83bc-493b-931c-9c7c576e7ff5,e86b6f79-cd01-4530-b315-c56e2fb0293f.FPKM.txt.gz,Transcriptome Profiling,Gene Expression Quantification,TCGA-COAD,TCGA-AA-3556,TCGA-AA-3556-01A,Primary Tumor
55e4abac-0d8e-4374-bfc7-3ef935767a76,3f59c9f4-10e4-4410-9515-9488181f54fc.FPKM.txt.gz,Transcriptome Profiling,Gene Expression Quantification,TCGA-COAD,TCGA-AA-3560,TCGA-AA-3560-01A,Primary Tumor
370ab366-e077-4da2-91e7-91e369af8ec8,8989435b-4c14-4d4b-8cec-c9db8511b4d0.FPKM.txt.gz,Transcriptome Profiling,Gene Expression Quantification,TCGA-COAD,TCGA-AA-3561,TCGA-AA-3561-01A,Primary Tumor
7eb1ad7f-1643-46d4-af34-d5c1c337d1ca,61d0e01a-3e40-4929-80c8-36f797c6771f.FPKM.txt.gz,Transcriptome Profiling,Gene Expression Quantification,TCGA-COAD,TCGA-AA-3562,TCGA-AA-3562-01A,Primary Tumor
582bb214-3b82-4961-9198-2bfb523947e0,7324b2d6-dd30-4f99-a101-7c3d497bbcb8.FPKM.txt.gz,Transcriptome Profiling,Gene Expression Quantification,TCGA-COAD,TCGA-AA-3655,TCGA-AA-3655-01A,Primary Tumor
2eee3197-fb5c-429a-a283-38fb26da4383,ae9b8c3d-6bf6-4b5c-b2f0-c9ddc334634e.FPKM.txt.gz,Transcriptome Profiling,Gene Expression Quantification,TCGA-COAD,TCGA-AA-3660,TCGA-AA-3660-01A,Primary Tumor
22799b4e-85db-4dcc-9af2-7ce1d419d1ab,d314696b-bbb9-425a-8a3a-5d32ec57af17.FPKM.txt.gz,Transcriptome Profiling,Gene Expression Quantification,TCGA-COAD,TCGA-AA-3662,TCGA-AA-3662-01A,Primary Tumor
135713ef-ba60-41b1-90f3-96cfe5a533e1,6525a459-76eb-4c64-b061-f674797f9b81.FPKM.txt.gz,Transcriptome Profiling,Gene Expression Quantification,TCGA-COAD,TCGA-AA-3663,TCGA-AA-3663-01A,Primary Tumor
763d578f-3f94-4b3a-9255-d718466c1aae,1c48525e-6f1c-4ca0-9bb4-a9350cbca89f.FPKM.txt.gz,Transcriptome Profiling,Gene Expression Quantification,TCGA-COAD,TCGA-AA-3664,TCGA-AA-3664-01A,Primary Tumor
ca35e6fe-daaf-4a3a-bd2c-8a4783611ba6,caaf2201-e0d8-46af-9d53-ae776306761f.FPKM.txt.gz,Transcriptome Profiling,Gene Expression Quantification,TCGA-COAD,TCGA-AA-3666,TCGA-AA-3666-01A,Primary Tumor
ea3b3fed-5274-46fd-a901-b53ed97f76b5,f596eabc-e39a-4e35-9fc6-edade04eb785.FPKM.txt.gz,Transcriptome Profiling,Gene Expression Quantification,TCGA-COAD,TCGA-AA-3667,TCGA-AA-3667-01A,Primary Tumor
d762ada3-99c1-4ccc-a89b-d6883c075e7b,00cc9b4d-a847-464e-979a-7751e1a87ae3.FPKM.txt.gz,Transcriptome Profiling,Gene Expression Quantification,TCGA-COAD,TCGA-AA-3672,TCGA-AA-3672-01A,Primary Tumor
22de0d17-b8d1-49ff-8119-cc96b59753be,5ff1be40-73fe-4cd2-9b58-4be53fdf8292.FPKM.txt.gz,Transcriptome Profiling,Gene Expression Quantification,TCGA-COAD,TCGA-AA-3673,TCGA-AA-3673-01A,Primary Tumor
16668018-6fb1-4877-839f-b376ac43b541,e02d06a3-99f9-49ae-b3b0-c4427951789d.FPKM.txt.gz,Transcriptome Profiling,Gene Expression Quantification,TCGA-COAD,TCGA-AA-3675,TCGA-AA-3675-01A,Primary Tumor
bc120212-73b7-4af5-b272-8f703f2ac39e,8f9232c6-4ae9-4e3f-af06-335f107b09bc.FPKM.txt.gz,Transcriptome Profiling,Gene Expression Quantification,TCGA-COAD,TCGA-AA-3678,TCGA-AA-3678-01A,Primary Tumor
fb0a02de-75af-4d48-9d3d-71f0752bf57e,2c09404f-c5e8-4e8a-a51b-c8bdbc923efe.FPKM.txt.gz,Transcriptome Profiling,Gene Expression Quantification,TCGA-COAD,TCGA-AA-3679,TCGA-AA-3679-01A,Primary Tumor
f6962d43-512d-499d-8c4c-4101a7195d8a,9c52ed00-325f-4664-8873-327bcaa5ea74.FPKM.txt.gz,Transcriptome Profiling,Gene Expression Quantification,TCGA-COAD,TCGA-AA-3680,TCGA-AA-3680-01A,Primary Tumor
9fcc1516-fa3a-4bf7-9517-e9598b658d8c,6dcbab48-76ea-485d-a2f4-764c61f3b503.FPKM.txt.gz,Transcriptome Profiling,Gene Expression Quantification,TCGA-COAD,TCGA-AA-3681,TCGA-AA-3681-01A,Primary Tumor
53a4a381-c0c9-4645-a754-bcaddffc4776,0e7094cf-4c79-43f4-8b72-9de259e5e18f.FPKM.txt.gz,Transcriptome Profiling,Gene Expression Quantification,TCGA-COAD,TCGA-AA-3684,TCGA-AA-3684-01A,Primary Tumor
1d7986eb-5af3-4692-b4c7-fc60eb417384,f8b2b799-dd9d-467e-9525-a01f3f62847a.FPKM.txt.gz,Transcriptome Profiling,Gene Expression Quantification,TCGA-COAD,TCGA-AA-3685,TCGA-AA-3685-01A,Primary Tumor
438e7fba-9100-4c0b-88f5-2fe0ae555920,7f9cdd9b-cba2-4847-82e9-4e1df1cd9857.FPKM.txt.gz,Transcriptome Profiling,Gene Expression Quantification,TCGA-COAD,TCGA-AA-3688,TCGA-AA-3688-01A,Primary Tumor
b4562e71-34b1-44f3-b082-58d15950ac80,9a62fe1f-36ec-4e8e-b3d9-bdfc62f71905.FPKM.txt.gz,Transcriptome Profiling,Gene Expression Quantification,TCGA-COAD,TCGA-AA-3692,TCGA-AA-3692-01A,Primary Tumor
d1e27763-5f03-4069-aa7b-f0198baf7049,e86a03f9-e821-4f91-b09c-0e624239edde.FPKM.txt.gz,Transcriptome Profiling,Gene Expression Quantification,TCGA-COAD,TCGA-AA-3693,TCGA-AA-3693-01A,Primary Tumor
b8d97cc1-3a03-46bf-910d-f694124547cc,15ba704d-dbce-4532-8d07-f6f93ed4c12a.FPKM.txt.gz,Transcriptome Profiling,Gene Expression Quantification,TCGA-COAD,TCGA-AA-3696,TCGA-AA-3696-01A,Primary Tumor
763e6f8f-9614-46d7-9055-e5a6566d94c0,fc477ec6-19af-4eb7-91cf-a8a16392f034.FPKM.txt.gz,Transcriptome Profiling,Gene Expression Quantification,TCGA-COAD,TCGA-AA-3697,TCGA-AA-3697-01A,Primary Tumor
6506969b-5446-41f5-a58d-b075397b88c0,81d8c120-144f-4ffc-9ca4-eb76ca1fc821.FPKM.txt.gz,Transcriptome Profiling,Gene Expression Quantification,TCGA-COAD,TCGA-AA-3710,TCGA-AA-3710-01A,Primary Tumor
9856d741-c6ce-4ee2-94c8-4156c0857330,fda5b844-1fa4-462e-bd3b-482025f6ee30.FPKM.txt.gz,Transcriptome Profiling,Gene Expression Quantification,TCGA-COAD,TCGA-AA-3712,TCGA-AA-3712-01A,Primary Tumor
c238b68b-a284-461e-a743-efab35ac47c1,fdd24a0e-f3ef-4a5a-87cf-f99884b90fb9.FPKM.txt.gz,Transcriptome Profiling,Gene Expression Quantification,TCGA-COAD,TCGA-AA-3713,TCGA-AA-3713-01A,Primary Tumor
747e139d-d6c6-4177-90bf-36169d203465,d2ef2751-f956-4490-88b0-6f619774ef5e.FPKM.txt.gz,Transcriptome Profiling,Gene Expression Quantification,TCGA-COAD,TCGA-AA-3715,TCGA-AA-3715-01A,Primary Tumor
662be7d7-43dd-4d59-8990-593f623fab94,740870ab-fb90-43be-b226-7cf1efcf547c.FPKM.txt.gz,Transcriptome Profiling,Gene Expression Quantification,TCGA-COAD,TCGA-AA-3811,TCGA-AA-3811-01A,Primary Tumor
f053db0a-2d11-4b2f-bb18-d69ad5b09456,5ac3599c-0254-4931-8dc8-3c3294be3cd7.FPKM.txt.gz,Transcriptome Profiling,Gene Expression Quantification,TCGA-COAD,TCGA-AA-3812,TCGA-AA-3812-01A,Primary Tumor
b022230b-7af3-4886-b849-e2500513b9e3,00589871-e54f-492f-988f-502670edd606.FPKM.txt.gz,Transcriptome Profiling,Gene Expression Quantification,TCGA-COAD,TCGA-AA-3814,TCGA-AA-3814-01A,Primary Tumor
acd61398-6f1e-4a71-93aa-54d7b1edab22,586cc5be-d91f-47ea-9d1e-c3b65b2af33f.FPKM.txt.gz,Transcriptome Profiling,Gene Expression Quantification,TCGA-COAD,TCGA-AA-3815,TCGA-AA-3815-01A,Primary Tumor
d4f77b00-6d5c-4ae4-9b52-9a9a6971be99,bbb89e05-7c84-4905-9a05-8315c16d26b8.FPKM.txt.gz,Transcriptome Profiling,Gene Expression Quantification,TCGA-COAD,TCGA-AA-3818,TCGA-AA-3818-01A,Primary Tumor
4ff25f75-373c-4f47-82ee-4ba25dbd46af,9deb4935-7e2f-43bf-b115-2e5a0021c5dc.FPKM.txt.gz,Transcriptome Profiling,Gene Expression Quantification,TCGA-COAD,TCGA-AA-3819,TCGA-AA-3819-01A,Primary Tumor
b5eaf6d2-8952-45ec-82f6-951bf4368c49,7f5a924a-ddf3-45ff-be1f-5b5909305f46.FPKM.txt.gz,Transcriptome Profiling,Gene Expression Quantification,TCGA-COAD,TCGA-AA-3821,TCGA-AA-3821-01A,Primary Tumor
f42f9ca9-fa51-4005-998d-bfec8ace7a29,44e21ed0-bcc8-4978-ad68-81c35852b12b.FPKM.txt.gz,Transcriptome Profiling,Gene Expression Quantification,TCGA-COAD,TCGA-AA-3831,TCGA-AA-3831-01A,Primary Tumor
8973a503-dab5-4956-b07c-f46e8643f234,fd40f0e5-0825-409b-8a4c-86da09f0a84c.FPKM.txt.gz,Transcriptome Profiling,Gene Expression Quantification,TCGA-COAD,TCGA-AA-3833,TCGA-AA-3833-01A,Primary Tumor
6edd419f-35ba-42ff-b151-49f083088fc1,f3e7201c-725e-4dd1-8938-24f7637785db.FPKM.txt.gz,Transcriptome Profiling,Gene Expression Quantification,TCGA-COAD,TCGA-AA-3837,TCGA-AA-3837-01A,Primary Tumor
999974c3-14d8-4eda-8ab8-77206ccfb62f,bdad6b32-b7e2-4bcc-baa6-31b3c4ef2ea7.FPKM.txt.gz,Transcriptome Profiling,Gene Expression Quantification,TCGA-COAD,TCGA-AA-3841,TCGA-AA-3841-01A,Primary Tumor
e90d1179-b89d-489f-b1e4-61d93f6ab8d7,1106a73f-5abd-4a2e-9e07-86ac7a737b77.FPKM.txt.gz,Transcriptome Profiling,Gene Expression Quantification,TCGA-COAD,TCGA-AA-3842,TCGA-AA-3842-01A,Primary Tumor
299e57ea-f62b-406c-9cb6-14bbeb91e96f,40bc5339-8a6d-40dd-a5f8-d5eaebb91909.FPKM.txt.gz,Transcriptome Profiling,Gene Expression Quantification,TCGA-COAD,TCGA-AA-3844,TCGA-AA-3844-01A,Primary Tumor
42f16721-019f-4cfe-a7ed-40ce5c0fdc45,73ce143e-44f1-49c6-963f-45246d8551de.FPKM.txt.gz,Transcriptome Profiling,Gene Expression Quantification,TCGA-COAD,TCGA-AA-3845,TCGA-AA-3845-01A,Primary Tumor
6e372a16-5eeb-4a1d-8cd4-1f541f2bdbe0,f346f2d2-285c-455c-ba34-ea8eec3fa881.FPKM.txt.gz,Transcriptome Profiling,Gene Expression Quantification,TCGA-COAD,TCGA-AA-3846,TCGA-AA-3846-01A,Primary Tumor
5fa2ecf0-4b84-4855-81e2-6b9ffa3325da,4dba6abb-15ab-436d-baf9-232e436b19f8.FPKM.txt.gz,Transcriptome Profiling,Gene Expression Quantification,TCGA-COAD,TCGA-AA-3848,TCGA-AA-3848-01A,Primary Tumor
8fa80d2e-f096-4fc0-9dd5-5600c06a4370,978145ba-cca3-4244-8a98-9cedb455bd9b.FPKM.txt.gz,Transcriptome Profiling,Gene Expression Quantification,TCGA-COAD,TCGA-AA-3850,TCGA-AA-3850-01A,Primary Tumor
686314e9-bec9-4798-b0b8-39450be6b9fa,955e7043-03a9-4a8e-8e7d-cfc52546da82.FPKM.txt.gz,Transcriptome Profiling,Gene Expression Quantification,TCGA-COAD,TCGA-AA-3851,TCGA-AA-3851-01A,Primary Tumor
f04752bd-a3c7-4e5d-9d80-4a8b729c5814,b04b6183-ac95-4bf2-93ca-2890212ef3c6.FPKM.txt.gz,Transcriptome Profiling,Gene Expression Quantification,TCGA-COAD,TCGA-AA-3852,TCGA-AA-3852-01A,Primary Tumor
0113bc96-3f6a-4ab6-8122-58cacfc6a5a0,5697212f-b3fd-479f-84b0-ec0aae54534a.FPKM.txt.gz,Transcriptome Profiling,Gene Expression Quantification,TCGA-COAD,TCGA-AA-3854,TCGA-AA-3854-01A,Primary Tumor
bbe20cba-403d-4a97-8955-7551f418824a,5c18c6a8-9ad2-43a8-a3a0-83d8fc0cc257.FPKM.txt.gz,Transcriptome Profiling,Gene Expression Quantification,TCGA-COAD,TCGA-AA-3855,TCGA-AA-3855-01A,Primary Tumor
5d4e21cc-e458-4216-88b4-8a368b0c2d6c,eb013d15-9a9d-4645-a009-a0d83a7a4590.FPKM.txt.gz,Transcriptome Profiling,Gene Expression Quantification,TCGA-COAD,TCGA-AA-3856,TCGA-AA-3856-01A,Primary Tumor
d3ebcdc9-3838-4ff0-8a3d-e75420bd419a,72575c62-b2a8-4fde-8b05-ef6d76df0462.FPKM.txt.gz,Transcriptome Profiling,Gene Expression Quantification,TCGA-COAD,TCGA-AA-3858,TCGA-AA-3858-01A,Primary Tumor
19172af8-aadc-4c7f-a065-ed64a60bba1f,c04b9aba-55bc-4ba9-b761-3fea9f0d4c90.FPKM.txt.gz,Transcriptome Profiling,Gene Expression Quantification,TCGA-COAD,TCGA-AA-3860,TCGA-AA-3860-01A,Primary Tumor
a45e7f6d-7034-4f9d-9c93-703a9b482d96,0134d0cc-e66b-4fda-804b-c4434ec00bd2.FPKM.txt.gz,Transcriptome Profiling,Gene Expression Quantification,TCGA-COAD,TCGA-AA-3861,TCGA-AA-3861-01A,Primary Tumor
baa74d9d-f5af-4765-9643-4e00e10e03bb,1580243c-8353-4c6e-a532-81121b912c21.FPKM.txt.gz,Transcriptome Profiling,Gene Expression Quantification,TCGA-COAD,TCGA-AA-3862,TCGA-AA-3862-01A,Primary Tumor
41f27697-1317-48a1-89c6-1eba982286e9,83ffbba1-e36b-4ff4-ba58-2d92c4b53654.FPKM.txt.gz,Transcriptome Profiling,Gene Expression Quantification,TCGA-COAD,TCGA-AA-3864,TCGA-AA-3864-01A,Primary Tumor
ba30b514-6283-48eb-ba76-53076c01a4bb,d469975e-a3a1-487a-a549-142720e1973a.FPKM.txt.gz,Transcriptome Profiling,Gene Expression Quantification,TCGA-COAD,TCGA-AA-3866,TCGA-AA-3866-01A,Primary Tumor
52028c4d-759f-4aab-81de-d8ba0d42dd8f,b49d2b1e-310f-4278-a7c2-5ea95c2c7c43.FPKM.txt.gz,Transcriptome Profiling,Gene Expression Quantification,TCGA-COAD,TCGA-AA-3867,TCGA-AA-3867-01A,Primary Tumor
7d0ad42c-e389-4b30-9dd7-d4c008eb501c,27cc2167-5838-41d3-9d57-4c6a13f7ebf7.FPKM.txt.gz,Transcriptome Profiling,Gene Expression Quantification,TCGA-COAD,TCGA-AA-3869,TCGA-AA-3869-01A,Primary Tumor
7dbf5219-2585-4be5-8125-8c9fa9bfa27e,08239d16-937c-4758-9e3d-38217e4c9f35.FPKM.txt.gz,Transcriptome Profiling,Gene Expression Quantification,TCGA-COAD,TCGA-AA-3870,TCGA-AA-3870-01A,Primary Tumor
b1fe0270-8cd3-422c-bd79-886e4c3f6285,535e80df-ea81-4f5d-8f2e-e74ca97e9b01.FPKM.txt.gz,Transcriptome Profiling,Gene Expression Quantification,TCGA-COAD,TCGA-AA-3872,TCGA-AA-3872-01A,Primary Tumor
d9ad8aae-340b-417b-a773-829373c9c71a,e39de159-abd7-4185-8c20-ca6f27827f31.FPKM.txt.gz,Transcriptome Profiling,Gene Expression Quantification,TCGA-COAD,TCGA-AA-3875,TCGA-AA-3875-01A,Primary Tumor
173b5374-10f5-4ad4-9614-715d69e8250e,f590941d-19dc-427a-95b6-942c97ea8333.FPKM.txt.gz,Transcriptome Profiling,Gene Expression Quantification,TCGA-COAD,TCGA-AA-3877,TCGA-AA-3877-01A,Primary Tumor
a9c46d92-69e7-4072-9c50-8702c9240f7c,c02d8110-3041-4a36-ac63-531216141051.FPKM.txt.gz,Transcriptome Profiling,Gene Expression Quantification,TCGA-COAD,TCGA-AA-3930,TCGA-AA-3930-01A,Primary Tumor
aed34ff3-28dd-4db2-8f18-a8f75d94b484,03109baa-936f-49ae-acb3-2d00ac03c7ab.FPKM.txt.gz,Transcriptome Profiling,Gene Expression Quantification,TCGA-COAD,TCGA-AA-3939,TCGA-AA-3939-01A,Primary Tumor
d36cace3-d258-4731-b786-aa24400f2f95,5ccb8845-93d4-4ce2-b97a-e230f1da4611.FPKM.txt.gz,Transcriptome Profiling,Gene Expression Quantification,TCGA-COAD,TCGA-AA-3941,TCGA-AA-3941-01A,Primary Tumor
41964b1e-a7f7-461c-a68b-f9ed2786f80c,d5dca54e-d7e9-4328-b2ca-1d191a2b8b4c.FPKM.txt.gz,Transcriptome Profiling,Gene Expression Quantification,TCGA-COAD,TCGA-AA-3947,TCGA-AA-3947-01A,Primary Tumor
806146e9-c8c7-4444-a696-a38c179a1d77,fc5dea3c-dfa2-4d52-ac5a-49335d6d5eaf.FPKM.txt.gz,Transcriptome Profiling,Gene Expression Quantification,TCGA-COAD,TCGA-AA-3949,TCGA-AA-3949-01A,Primary Tumor
932bb990-a516-4c17-a806-159701afe0a2,e875ae4e-4645-4e84-b0ff-9c9a694717a9.FPKM.txt.gz,Transcriptome Profiling,Gene Expression Quantification,TCGA-COAD,TCGA-AA-3950,TCGA-AA-3950-01A,Primary Tumor
fc943650-8ef4-4300-8d1e-a798b361513e,a6511301-e89e-46a4-8d57-c9803b0ac174.FPKM.txt.gz,Transcriptome Profiling,Gene Expression Quantification,TCGA-COAD,TCGA-AA-3952,TCGA-AA-3952-01A,Primary Tumor
f7df2805-42fd-4da1-8517-f56bbd4fa746,f006e10f-a564-425c-8d92-0b8c3d5c038f.FPKM.txt.gz,Transcriptome Profiling,Gene Expression Quantification,TCGA-COAD,TCGA-AA-3955,TCGA-AA-3955-01A,Primary Tumor
57d846df-3e9a-4835-9ae1-26c09bdf39d0,a8e396d2-9528-4d8d-8e22-f56be5397cc1.FPKM.txt.gz,Transcriptome Profiling,Gene Expression Quantification,TCGA-COAD,TCGA-AA-3956,TCGA-AA-3956-01A,Primary Tumor
50751f18-7c33-4f1e-bd16-3af29a67dce9,09dba56f-3033-41b6-9235-7c78f88e14ed.FPKM.txt.gz,Transcriptome Profiling,Gene Expression Quantification,TCGA-COAD,TCGA-AA-3966,TCGA-AA-3966-01A,Primary Tumor
c1c418e6-66c9-4854-9529-a21862e713dc,a9557455-b007-4c38-88d2-8e72379e0e18.FPKM.txt.gz,Transcriptome Profiling,Gene Expression Quantification,TCGA-COAD,TCGA-AA-3968,TCGA-AA-3968-01A,Primary Tumor
a8f0793b-00a0-4a76-8488-802fd4e613a9,6fcab48b-754f-4058-9cbf-b6d766eeda35.FPKM.txt.gz,Transcriptome Profiling,Gene Expression Quantification,TCGA-COAD,TCGA-AA-3970,TCGA-AA-3970-01A,Primary Tumor
14245cdd-6b5c-468d-8d69-23911f9cf381,44f1dc34-a01e-4a7b-a7a1-a90064039fdd.FPKM.txt.gz,Transcriptome Profiling,Gene Expression Quantification,TCGA-COAD,TCGA-AA-3971,TCGA-AA-3971-01A,Primary Tumor
a3bda962-bd93-4572-b3ee-21b67088b87c,b65c7ed9-f7ef-41ea-8d92-793a6630f424.FPKM.txt.gz,Transcriptome Profiling,Gene Expression Quantification,TCGA-COAD,TCGA-AA-3972,TCGA-AA-3972-01A,Primary Tumor
854e439e-7c9f-45cc-a2ca-0b682b7dbd5f,51e55e7a-5fef-4451-af1b-49ed4ced9ac7.FPKM.txt.gz,Transcriptome Profiling,Gene Expression Quantification,TCGA-COAD,TCGA-AA-3973,TCGA-AA-3973-01A,Primary Tumor
31000ad8-a901-4982-a229-dc90b90d7e94,6b00248a-8ec4-451f-91f7-626bb223b14a.FPKM.txt.gz,Transcriptome Profiling,Gene Expression Quantification,TCGA-COAD,TCGA-AA-3975,TCGA-AA-3975-01A,Primary Tumor
b91abef6-30a2-49d7-bfd4-6966644d857b,c2b0ac40-50ff-47e1-8089-c920a932ed9b.FPKM.txt.gz,Transcriptome Profiling,Gene Expression Quantification,TCGA-COAD,TCGA-AA-3976,TCGA-AA-3976-01A,Primary Tumor
dcebb3e5-08cb-43c5-ae92-d84f791303f4,088506d0-2717-4a75-b353-88bc1a225212.FPKM.txt.gz,Transcriptome Profiling,Gene Expression Quantification,TCGA-COAD,TCGA-AA-3977,TCGA-AA-3977-01A,Primary Tumor
791424fa-78f1-42c1-af61-c3a9409e7aac,17510ea6-0c97-4bd0-94a4-63dd76e5b7c7.FPKM.txt.gz,Transcriptome Profiling,Gene Expression Quantification,TCGA-COAD,TCGA-AA-3979,TCGA-AA-3979-01A,Primary Tumor
486e20ea-7734-427f-81a6-607d174557ff,1e36b1ce-5849-48d5-8b9a-8102d833efc5.FPKM.txt.gz,Transcriptome Profiling,Gene Expression Quantification,TCGA-COAD,TCGA-AA-3980,TCGA-AA-3980-01A,Primary Tumor
8f2661ad-f4ff-4c68-8750-536966270a05,d65a7cb6-4b1f-4976-990e-c4f47ae11986.FPKM.txt.gz,Transcriptome Profiling,Gene Expression Quantification,TCGA-COAD,TCGA-AA-3982,TCGA-AA-3982-01A,Primary Tumor
cd44f08c-9331-41d0-be67-b34c854bb18e,4410295f-d9fc-43b6-8064-17ec17d5fb17.FPKM.txt.gz,Transcriptome Profiling,Gene Expression Quantification,TCGA-COAD,TCGA-AA-3984,TCGA-AA-3984-01A,Primary Tumor
ebcf37b2-e578-4aea-a0a5-76c0f2ff3f4d,54bd3165-df22-4d55-9de7-b628133f4fb2.FPKM.txt.gz,Transcriptome Profiling,Gene Expression Quantification,TCGA-COAD,TCGA-AA-3986,TCGA-AA-3986-01A,Primary Tumor
96daf4d3-eeb8-4fc2-9f60-0f91bd2ea5b2,8e881aba-eee8-456e-a677-25eadadcdcad.FPKM.txt.gz,Transcriptome Profiling,Gene Expression Quantification,TCGA-COAD,TCGA-AA-3989,TCGA-AA-3989-01A,Primary Tumor
25a4263c-61e9-4359-b9fd-13a9f3949df1,4faf76ce-1e05-4fd0-b210-2135200fe729.FPKM.txt.gz,Transcriptome Profiling,Gene Expression Quantification,TCGA-COAD,TCGA-AA-3994,TCGA-AA-3994-01A,Primary Tumor
fba82502-a0fe-4e3e-b944-b0f3bdb37def,59608767-595f-402a-9f7f-356dd6e99a51.FPKM.txt.gz,Transcriptome Profiling,Gene Expression Quantification,TCGA-COAD,TCGA-AA-A004,TCGA-AA-A004-01A,Primary Tumor
8a0cb2e6-8df3-4276-ac64-b8a75402d92c,8e0528dd-5f85-4f48-937c-9e1455fbda78.FPKM.txt.gz,Transcriptome Profiling,Gene Expression Quantification,TCGA-COAD,TCGA-AA-A00A,TCGA-AA-A00A-01A,Primary Tumor
0de366cd-8421-4de9-bc4a-00e0de8cbb04,058cd2dd-6bea-4188-8bb2-3314723c0762.FPKM.txt.gz,Transcriptome Profiling,Gene Expression Quantification,TCGA-COAD,TCGA-AA-A00D,TCGA-AA-A00D-01A,Primary Tumor
6c18de61-ce14-45a1-b911-4d814fb2dc62,2f05c173-adfa-40c3-baf8-02563270ff3e.FPKM.txt.gz,Transcriptome Profiling,Gene Expression Quantification,TCGA-COAD,TCGA-AA-A00E,TCGA-AA-A00E-01A,Primary Tumor
0389130e-e2fe-4d91-899f-2f6e57a4a411,11320586-6000-4f23-8e68-926175cfadf2.FPKM.txt.gz,Transcriptome Profiling,Gene Expression Quantification,TCGA-COAD,TCGA-AA-A00F,TCGA-AA-A00F-01A,Primary Tumor
7c5db6fe-6aa5-4e15-8784-098ed999310e,15864159-be88-41c8-bdef-c2c5927cb1a1.FPKM.txt.gz,Transcriptome Profiling,Gene Expression Quantification,TCGA-COAD,TCGA-AA-A00J,TCGA-AA-A00J-01A,Primary Tumor
a55d8e19-909e-4084-9d23-cf00c5ffee47,161caa2d-589a-4834-9073-3824031da5e6.FPKM.txt.gz,Transcriptome Profiling,Gene Expression Quantification,TCGA-COAD,TCGA-AA-A00K,TCGA-AA-A00K-01A,Primary Tumor
879d4efd-b6a5-4546-bcd6-99a802afef64,a86552ef-96e7-4cb8-9c94-157f57fc6694.FPKM.txt.gz,Transcriptome Profiling,Gene Expression Quantification,TCGA-COAD,TCGA-AA-A00L,TCGA-AA-A00L-01A,Primary Tumor
437c535a-2c48-42dd-b20a-cee0c7457874,2bcd2efd-4fd6-40ee-86a4-867ae82711b0.FPKM.txt.gz,Transcriptome Profiling,Gene Expression Quantification,TCGA-COAD,TCGA-AA-A00N,TCGA-AA-A00N-01A,Primary Tumor
a78b8a89-e866-4499-a970-c1dcfe005d5f,2f69766d-36f5-446d-ac2f-edf68ce4eaa9.FPKM.txt.gz,Transcriptome Profiling,Gene Expression Quantification,TCGA-COAD,TCGA-AA-A00O,TCGA-AA-A00O-01A,Primary Tumor
eeffd865-3010-4ba7-b04b-98b299f40c53,43b292be-5d63-4523-a43f-666d20039208.FPKM.txt.gz,Transcriptome Profiling,Gene Expression Quantification,TCGA-COAD,TCGA-AA-A00Q,TCGA-AA-A00Q-01A,Primary Tumor
27a45f6f-4f94-4ec4-a2fd-7fed098be0ce,5f5c42f3-3631-43a3-9774-164eca819389.FPKM.txt.gz,Transcriptome Profiling,Gene Expression Quantification,TCGA-COAD,TCGA-AA-A00R,TCGA-AA-A00R-01A,Primary Tumor
372ffe06-5ae1-4fd3-a336-56b1135883ca,bf9c448b-bdc9-4f74-b13a-374e6add7939.FPKM.txt.gz,Transcriptome Profiling,Gene Expression Quantification,TCGA-COAD,TCGA-AA-A00U,TCGA-AA-A00U-01A,Primary Tumor
87bbe3c7-b7df-4524-ac27-b24538384246,c6e85461-d986-46c3-b6b8-ab56d97320a3.FPKM.txt.gz,Transcriptome Profiling,Gene Expression Quantification,TCGA-COAD,TCGA-AA-A00W,TCGA-AA-A00W-01A,Primary Tumor
d5f96ef1-982b-47bd-8587-5abfd23333dc,20a523cd-58e9-467d-bed5-1bce2a8574f8.FPKM.txt.gz,Transcriptome Profiling,Gene Expression Quantification,TCGA-COAD,TCGA-AA-A00Z,TCGA-AA-A00Z-01A,Primary Tumor
94db2018-8b59-4b10-b641-ec488e46c788,1ec0cdf1-3bc2-4f86-bc5c-8d9cd30982d2.FPKM.txt.gz,Transcriptome Profiling,Gene Expression Quantification,TCGA-COAD,TCGA-AA-A010,TCGA-AA-A010-01A,Primary Tumor
67a67cde-044f-47ab-8e98-745176b6b328,c3fe7418-c082-4c77-96f7-f22bd6210139.FPKM.txt.gz,Transcriptome Profiling,Gene Expression Quantification,TCGA-COAD,TCGA-AA-A017,TCGA-AA-A017-01A,Primary Tumor
d528a8f1-fc34-4333-a68c-de68bcd8c4c4,c637fd04-9c6d-43fa-84e5-b90ded003dc5.FPKM.txt.gz,Transcriptome Profiling,Gene Expression Quantification,TCGA-COAD,TCGA-AA-A01C,TCGA-AA-A01C-01A,Primary Tumor
34b0dbd7-c8d0-4f4e-a975-f7f80f18f233,c4e074f2-e21d-4a1a-acf3-b7916f11fb43.FPKM.txt.gz,Transcriptome Profiling,Gene Expression Quantification,TCGA-COAD,TCGA-AA-A01D,TCGA-AA-A01D-01A,Primary Tumor
8e65f732-13db-4aa2-8e1d-807ee32785f1,81bd146a-4ba1-4c7f-8cda-f4b11b0f390c.FPKM.txt.gz,Transcriptome Profiling,Gene Expression Quantification,TCGA-COAD,TCGA-AA-A01F,TCGA-AA-A01F-01A,Primary Tumor
7fb30917-fbcf-45cf-bebb-21bb1a651539,649b19e1-96e2-4b55-951d-3b6ee9f4b91f.FPKM.txt.gz,Transcriptome Profiling,Gene Expression Quantification,TCGA-COAD,TCGA-AA-A01G,TCGA-AA-A01G-01A,Primary Tumor
cde7c6e0-01e4-4eda-bb18-d5d541908ba8,14ea1c20-2700-4de0-88c0-154b116b1b8c.FPKM.txt.gz,Transcriptome Profiling,Gene Expression Quantification,TCGA-COAD,TCGA-AA-A01I,TCGA-AA-A01I-01A,Primary Tumor
8339376d-33ea-42d5-8457-2624947e8741,667dfd86-8611-411a-89ce-1de8b6089a20.FPKM.txt.gz,Transcriptome Profiling,Gene Expression Quantification,TCGA-COAD,TCGA-AA-A01K,TCGA-AA-A01K-01A,Primary Tumor
e31b6c02-8590-464a-86b5-b24feb29cf98,22bc2908-b3ef-40fd-a652-b3384a79bc43.FPKM.txt.gz,Transcriptome Profiling,Gene Expression Quantification,TCGA-COAD,TCGA-AA-A01P,TCGA-AA-A01P-01A,Primary Tumor
574a38af-3912-44d5-9750-f6ab6960bfce,082a0dad-65e5-49f2-955b-ca23831b2733.FPKM.txt.gz,Transcriptome Profiling,Gene Expression Quantification,TCGA-COAD,TCGA-AA-A01Q,TCGA-AA-A01Q-01A,Primary Tumor
448d768b-554e-4c4e-aada-ec0b5fb86c0e,abe20df7-6b97-4397-8864-881bac27e92c.FPKM.txt.gz,Transcriptome Profiling,Gene Expression Quantification,TCGA-COAD,TCGA-AA-A01R,TCGA-AA-A01R-01A,Primary Tumor
0b24f196-a9a0-4f3d-ae1c-769c4b017b0e,42e6517c-02ff-491b-8315-9ef163e6cfdc.FPKM.txt.gz,Transcriptome Profiling,Gene Expression Quantification,TCGA-COAD,TCGA-AA-A01S,TCGA-AA-A01S-01A,Primary Tumor
ec7a3723-deaa-4f49-b243-9f35ac648b1a,49072d20-b1fd-485c-b9c7-6169ce301481.FPKM.txt.gz,Transcriptome Profiling,Gene Expression Quantification,TCGA-COAD,TCGA-AA-A01T,TCGA-AA-A01T-01A,Primary Tumor
b02664e3-b442-4427-bc38-6c8ab06cd629,cf9d1a47-ee65-4505-a2c8-12d04366aa28.FPKM.txt.gz,Transcriptome Profiling,Gene Expression Quantification,TCGA-COAD,TCGA-AA-A01V,TCGA-AA-A01V-01A,Primary Tumor
449e096b-bd1d-44ad-9def-621943302ea4,a1f37975-6bc2-4583-9035-8e8c70677833.FPKM.txt.gz,Transcriptome Profiling,Gene Expression Quantification,TCGA-COAD,TCGA-AA-A01X,TCGA-AA-A01X-01A,Primary Tumor
bc00efd7-1ce6-45d5-8fb1-a3bc7a93c671,9556ee31-e56f-4611-9d37-2b4d19841d15.FPKM.txt.gz,Transcriptome Profiling,Gene Expression Quantification,TCGA-COAD,TCGA-AA-A01Z,TCGA-AA-A01Z-01A,Primary Tumor
64b92bdb-87f1-4862-9a08-9b0eff8b79df,3eb03db7-efc1-4f20-bbc9-61551905eb9b.FPKM.txt.gz,Transcriptome Profiling,Gene Expression Quantification,TCGA-COAD,TCGA-AA-A022,TCGA-AA-A022-01A,Primary Tumor
e7c1d733-354b-4864-89d6-e2f17b49a6cd,dd8003eb-e16a-424a-9092-520676779c53.FPKM.txt.gz,Transcriptome Profiling,Gene Expression Quantification,TCGA-COAD,TCGA-AA-A024,TCGA-AA-A024-01A,Primary Tumor
0509a50c-3281-4fc4-8495-2f0e2694eca0,d67325ce-cd01-45b8-b816-74fc73acd54a.FPKM.txt.gz,Transcriptome Profiling,Gene Expression Quantification,TCGA-COAD,TCGA-AA-A029,TCGA-AA-A029-01A,Primary Tumor
4d4f923e-d215-4424-af59-ae245af0e0b1,e4e7ec56-30aa-48d4-aef4-7e88f408a2f8.FPKM.txt.gz,Transcriptome Profiling,Gene Expression Quantification,TCGA-COAD,TCGA-AA-A02E,TCGA-AA-A02E-01A,Primary Tumor
ce8a1344-6eec-4419-9915-93e1763b95c9,bc26fe03-e143-4cdf-a1a0-c604f22d78e2.FPKM.txt.gz,Transcriptome Profiling,Gene Expression Quantification,TCGA-COAD,TCGA-AA-A02F,TCGA-AA-A02F-01A,Primary Tumor
d481f93f-3121-47a8-b8c6-5480e6089e59,ce03135f-f554-4ef7-9af8-c006486516be.FPKM.txt.gz,Transcriptome Profiling,Gene Expression Quantification,TCGA-COAD,TCGA-AA-A02H,TCGA-AA-A02H-01A,Primary Tumor
c64ca8dc-6fcc-4ddb-b78c-b8ca8951d73c,70c7147b-b316-4409-8073-968dfd14abec.FPKM.txt.gz,Transcriptome Profiling,Gene Expression Quantification,TCGA-COAD,TCGA-AA-A02J,TCGA-AA-A02J-01A,Primary Tumor
383fee60-4c61-4507-b155-8cc26a936423,90a46dce-5762-47ec-925c-deff853069aa.FPKM.txt.gz,Transcriptome Profiling,Gene Expression Quantification,TCGA-COAD,TCGA-AA-A02K,TCGA-AA-A02K-01A,Primary Tumor
7a626f68-b066-419c-9cf1-b4ac3e75b9bc,d547863f-18eb-4c29-8265-953055c129d3.FPKM.txt.gz,Transcriptome Profiling,Gene Expression Quantification,TCGA-COAD,TCGA-AA-A02O,TCGA-AA-A02O-01A,Primary Tumor
231dc5cd-33b0-47f8-9d23-3a3595936ed0,11ec9603-9f69-4cc6-9c24-4b1d375c59c2.FPKM.txt.gz,Transcriptome Profiling,Gene Expression Quantification,TCGA-COAD,TCGA-AA-A02R,TCGA-AA-A02R-01A,Primary Tumor
98a44e2c-ce6e-4271-a179-83f629082838,371cce1a-08bb-49a1-9e85-645d4174decd.FPKM.txt.gz,Transcriptome Profiling,Gene Expression Quantification,TCGA-COAD,TCGA-AA-A02W,TCGA-AA-A02W-01A,Primary Tumor
cf47c1ee-1b5e-44d1-90e0-1bd580950efe,36f45f98-2390-4c73-aa64-079e175034c6.FPKM.txt.gz,Transcriptome Profiling,Gene Expression Quantification,TCGA-COAD,TCGA-AA-A02Y,TCGA-AA-A02Y-01A,Primary Tumor
2e1131e9-62a3-4133-9089-93d1a5f722c6,a77fad02-ff7d-4f73-8a19-caa329589dea.FPKM.txt.gz,Transcriptome Profiling,Gene Expression Quantification,TCGA-COAD,TCGA-AA-A03F,TCGA-AA-A03F-01A,Primary Tumor
50973290-0e04-46db-9592-31565c361592,f8484afe-c7e4-4952-8b17-551a2c266764.FPKM.txt.gz,Transcriptome Profiling,Gene Expression Quantification,TCGA-COAD,TCGA-AA-A03J,TCGA-AA-A03J-01A,Primary Tumor
7f1c218d-de13-4ce9-865e-1fe1628c1683,3963e642-4d9f-47a1-bf0e-83462bcb7b13.FPKM.txt.gz,Transcriptome Profiling,Gene Expression Quantification,TCGA-COAD,TCGA-AD-5900,TCGA-AD-5900-01A,Primary Tumor
0d4fc521-795a-40d7-8886-2abad2221871,514976b1-4fb9-4924-8bbf-ffbf5d7eaad5.FPKM.txt.gz,Transcriptome Profiling,Gene Expression Quantification,TCGA-COAD,TCGA-AD-6548,TCGA-AD-6548-01A,Primary Tumor
0514d140-b02b-49d8-8ede-0ec4c8af4c6e,2f6070c7-99d0-49bb-83ca-33c032650cde.FPKM.txt.gz,Transcriptome Profiling,Gene Expression Quantification,TCGA-COAD,TCGA-AD-6888,TCGA-AD-6888-01A,Primary Tumor
85237fff-b839-41f3-a023-964226b9fa1f,066a17b9-c724-4390-9a5f-d46cde556de3.FPKM.txt.gz,Transcriptome Profiling,Gene Expression Quantification,TCGA-COAD,TCGA-AD-6889,TCGA-AD-6889-01A,Primary Tumor
201b42d8-99bc-4069-b296-cdfdc156a77e,b539ee0c-6887-4566-b16d-0990c8e1a3c1.FPKM.txt.gz,Transcriptome Profiling,Gene Expression Quantification,TCGA-COAD,TCGA-AD-6890,TCGA-AD-6890-01A,Primary Tumor
fa18652d-b08a-4324-97af-53fc13c3c6ed,c4386236-99df-44f4-b0a7-822e32e050f0.FPKM.txt.gz,Transcriptome Profiling,Gene Expression Quantification,TCGA-COAD,TCGA-AD-6895,TCGA-AD-6895-01A,Primary Tumor
eaf04644-ebc6-49a1-9b96-0107558de98b,51529d00-9bc5-45e7-9706-7519c64eef36.FPKM.txt.gz,Transcriptome Profiling,Gene Expression Quantification,TCGA-COAD,TCGA-AD-6899,TCGA-AD-6899-01A,Primary Tumor
9d05972d-8004-4f78-8b05-5857aa62ead6,3a210a05-77e2-461f-ae98-f53df573d8ce.FPKM.txt.gz,Transcriptome Profiling,Gene Expression Quantification,TCGA-COAD,TCGA-AD-6901,TCGA-AD-6901-01A,Primary Tumor
9a0b6c46-3cb1-4b71-a708-c7a013d03e8f,ddc5dfb2-e7e4-4159-930e-120c7d2a8640.FPKM.txt.gz,Transcriptome Profiling,Gene Expression Quantification,TCGA-COAD,TCGA-AD-6963,TCGA-AD-6963-01A,Primary Tumor
b3691b82-0a61-459a-86f2-92326a0893c7,c71d0557-242c-46d7-8551-ca0eba56fdd9.FPKM.txt.gz,Transcriptome Profiling,Gene Expression Quantification,TCGA-COAD,TCGA-AD-6964,TCGA-AD-6964-01A,Primary Tumor
a4ed83e0-d901-4c7f-8de4-b13579d99b80,ed228bb8-2573-4860-94db-7fea3cb44438.FPKM.txt.gz,Transcriptome Profiling,Gene Expression Quantification,TCGA-COAD,TCGA-AD-6965,TCGA-AD-6965-01A,Primary Tumor
1ba0eb6d-5bfe-4a69-8c76-9b6f1f561773,8f77f4f4-b184-40c7-8ab8-2f95b13620b5.FPKM.txt.gz,Transcriptome Profiling,Gene Expression Quantification,TCGA-COAD,TCGA-AD-A5EJ,TCGA-AD-A5EJ-01A,Primary Tumor
ff6019d0-6844-44ad-b1fc-a84b6624472d,e7675043-6679-4179-af84-dc401102aa8c.FPKM.txt.gz,Transcriptome Profiling,Gene Expression Quantification,TCGA-COAD,TCGA-AD-A5EK,TCGA-AD-A5EK-01A,Primary Tumor
3f27e2cf-6b3d-4e8c-a012-213a6e6668ff,751f84dc-7c2d-417a-bc1f-6d5771f6f09f.FPKM.txt.gz,Transcriptome Profiling,Gene Expression Quantification,TCGA-COAD,TCGA-AM-5820,TCGA-AM-5820-01A,Primary Tumor
89c9c660-d5ce-49b0-8ffe-198662906515,6e2db920-dc3e-4a74-8cdb-470cb61e2fac.FPKM.txt.gz,Transcriptome Profiling,Gene Expression Quantification,TCGA-COAD,TCGA-AM-5821,TCGA-AM-5821-01A,Primary Tumor
846f759a-24bc-4df8-a2d8-0cc7d2805157,1b563146-6ead-41ba-9117-c9b1c5d4127f.FPKM.txt.gz,Transcriptome Profiling,Gene Expression Quantification,TCGA-COAD,TCGA-AU-3779,TCGA-AU-3779-01A,Primary Tumor
63774b7b-df99-4d47-ba59-ca81feb339e8,6d2ad70f-fc8f-4881-a08e-bfd2128d7652.FPKM.txt.gz,Transcriptome Profiling,Gene Expression Quantification,TCGA-COAD,TCGA-AU-6004,TCGA-AU-6004-01A,Primary Tumor
12431179-c41f-412c-a605-1cda7fa57be4,e0d6a42a-2efb-4b3f-9b59-da07dadc01a4.FPKM.txt.gz,Transcriptome Profiling,Gene Expression Quantification,TCGA-COAD,TCGA-AY-4070,TCGA-AY-4070-01A,Primary Tumor
53e99c2f-c36e-4ef6-9d44-fdad5a6fd6d4,2358eba8-2134-4fa7-8177-b8919197f014.FPKM.txt.gz,Transcriptome Profiling,Gene Expression Quantification,TCGA-COAD,TCGA-AY-4071,TCGA-AY-4071-01A,Primary Tumor
84b07dfa-879c-4090-b9e3-21117362b199,d32c878b-e693-4eae-a615-7767371b3ae4.FPKM.txt.gz,Transcriptome Profiling,Gene Expression Quantification,TCGA-COAD,TCGA-AY-5543,TCGA-AY-5543-01A,Primary Tumor
59d32ab4-67d1-49bd-aa42-f86c58a4fd3f,0ee30795-d8ef-4ce1-b3f0-084b7a39bf35.FPKM.txt.gz,Transcriptome Profiling,Gene Expression Quantification,TCGA-COAD,TCGA-AY-6196,TCGA-AY-6196-01A,Primary Tumor
bde0c789-91b7-432e-a7ce-79c3ef84372d,0ed65bdf-cb92-47c1-8aeb-42518ce639b8.FPKM.txt.gz,Transcriptome Profiling,Gene Expression Quantification,TCGA-COAD,TCGA-AY-6197,TCGA-AY-6197-01A,Primary Tumor
4db0a066-a493-4a12-ab78-655ca4f8c643,c182c07a-224c-44b5-bf0e-9bcfaa33ecc1.FPKM.txt.gz,Transcriptome Profiling,Gene Expression Quantification,TCGA-COAD,TCGA-AY-6386,TCGA-AY-6386-01A,Primary Tumor
60d9d8ec-13fc-49cc-b607-ed4f04ffdacc,799199d9-0ff7-4d58-97bd-08009f64947d.FPKM.txt.gz,Transcriptome Profiling,Gene Expression Quantification,TCGA-COAD,TCGA-AY-A54L,TCGA-AY-A54L-01A,Primary Tumor
3df51538-178a-4193-999d-04c802fe07a5,678d7cdd-0a63-41b2-9203-fa1385494399.FPKM.txt.gz,Transcriptome Profiling,Gene Expression Quantification,TCGA-COAD,TCGA-AY-A69D,TCGA-AY-A69D-01A,Primary Tumor
d3d8cf52-9122-4bb6-a429-a22b84a6e1f3,e2e19d54-e271-4d94-af60-8a2fc470a22c.FPKM.txt.gz,Transcriptome Profiling,Gene Expression Quantification,TCGA-COAD,TCGA-AY-A71X,TCGA-AY-A71X-01A,Primary Tumor
ea890388-6fe7-4a5e-a8a5-753d9b6d9195,0ee26933-679d-4e84-ab56-6b9581e5dbfd.FPKM.txt.gz,Transcriptome Profiling,Gene Expression Quantification,TCGA-COAD,TCGA-AY-A8YK,TCGA-AY-A8YK-01A,Primary Tumor
f736baf5-7d71-4c33-a7e2-cbaaee6a1aca,d49b2de9-e099-421f-b94c-e6dd2181bb16.FPKM.txt.gz,Transcriptome Profiling,Gene Expression Quantification,TCGA-COAD,TCGA-AZ-4308,TCGA-AZ-4308-01A,Primary Tumor
b1e74335-1201-4354-a3c6-afa8a13c4dbb,6b047efa-258a-430a-909b-356c7c928864.FPKM.txt.gz,Transcriptome Profiling,Gene Expression Quantification,TCGA-COAD,TCGA-AZ-4313,TCGA-AZ-4313-01A,Primary Tumor
5e4ed468-c08c-411a-b076-ce223167cf79,bd2dfab3-88a8-4673-ba36-3daf252d0b4d.FPKM.txt.gz,Transcriptome Profiling,Gene Expression Quantification,TCGA-COAD,TCGA-AZ-4315,TCGA-AZ-4315-01A,Primary Tumor
6f7341a8-1528-47c1-b45c-7708868aec3a,a3f88a5d-7169-465b-bb80-e5999590681c.FPKM.txt.gz,Transcriptome Profiling,Gene Expression Quantification,TCGA-COAD,TCGA-AZ-4323,TCGA-AZ-4323-01A,Primary Tumor
85138e0e-6e1f-49d6-afc0-bd5983b2c0e1,df959336-a712-47a9-9042-b2b6bc01e813.FPKM.txt.gz,Transcriptome Profiling,Gene Expression Quantification,TCGA-COAD,TCGA-AZ-4614,TCGA-AZ-4614-01A,Primary Tumor
d351246c-5225-4e1b-b34f-7ede39ce3b4b,0c3d283b-1ef5-459e-b312-c97ea0b6d793.FPKM.txt.gz,Transcriptome Profiling,Gene Expression Quantification,TCGA-COAD,TCGA-AZ-4615,TCGA-AZ-4615-01A,Primary Tumor
7f126f58-7cd2-48a2-a519-46112956233f,5faf3586-b033-45fd-8dd9-fef111b0f752.FPKM.txt.gz,Transcriptome Profiling,Gene Expression Quantification,TCGA-COAD,TCGA-AZ-4616,TCGA-AZ-4616-01A,Primary Tumor
5483a22f-4cdf-4ba2-b53b-c7563a97a423,11586a7f-5148-4b6b-b431-686b907f8df9.FPKM.txt.gz,Transcriptome Profiling,Gene Expression Quantification,TCGA-COAD,TCGA-AZ-4682,TCGA-AZ-4682-01B,Primary Tumor
287300ea-69e6-4841-8ee7-5509f308dfa0,3388b247-719d-41d6-a600-83abd6bd6204.FPKM.txt.gz,Transcriptome Profiling,Gene Expression Quantification,TCGA-COAD,TCGA-AZ-4684,TCGA-AZ-4684-01A,Primary Tumor
800cbda7-bb1e-450f-a57d-b4b119850b08,b39f2bfa-5d4b-4bbe-9870-a93efff7bc5c.FPKM.txt.gz,Transcriptome Profiling,Gene Expression Quantification,TCGA-COAD,TCGA-AZ-5403,TCGA-AZ-5403-01A,Primary Tumor
dcb7039f-4eb5-417c-93c8-b3f024bd0c88,3a93e1ff-bcdc-4dea-9541-54b074e4f967.FPKM.txt.gz,Transcriptome Profiling,Gene Expression Quantification,TCGA-COAD,TCGA-AZ-5407,TCGA-AZ-5407-01A,Primary Tumor
9235902d-32aa-4cce-a3ff-03704eaf16c0,d5607680-758b-4ee5-ae0f-a61f7c3133c1.FPKM.txt.gz,Transcriptome Profiling,Gene Expression Quantification,TCGA-COAD,TCGA-AZ-6598,TCGA-AZ-6598-01A,Primary Tumor
e008a4d9-fc96-4bc9-b60c-33158bed49df,d3c40c02-3b30-4057-9295-d7b4dfd7ee2d.FPKM.txt.gz,Transcriptome Profiling,Gene Expression Quantification,TCGA-COAD,TCGA-AZ-6599,TCGA-AZ-6599-01A,Primary Tumor
f8df7bdf-aae9-4108-b510-f716cc8e9f4a,77c07069-2887-470f-a1ba-66e5d038912c.FPKM.txt.gz,Transcriptome Profiling,Gene Expression Quantification,TCGA-COAD,TCGA-AZ-6600,TCGA-AZ-6600-01A,Primary Tumor
105c629e-61fb-4103-b92d-e80c893c092a,c3f9ba64-6946-45d4-984d-b33ef2589603.FPKM.txt.gz,Transcriptome Profiling,Gene Expression Quantification,TCGA-COAD,TCGA-AZ-6601,TCGA-AZ-6601-01A,Primary Tumor
e89c85cd-6843-454c-b40e-845c96c66e3a,c868cbd9-3767-4f6e-8fa2-770d80cf2b05.FPKM.txt.gz,Transcriptome Profiling,Gene Expression Quantification,TCGA-COAD,TCGA-AZ-6603,TCGA-AZ-6603-01A,Primary Tumor
cd202871-fd3d-464f-b16c-e7cd761e93b7,5d362da1-aee5-403a-a16c-97d7d7b9d219.FPKM.txt.gz,Transcriptome Profiling,Gene Expression Quantification,TCGA-COAD,TCGA-AZ-6605,TCGA-AZ-6605-01A,Primary Tumor
63f91d56-620d-468d-8df0-409217cbdbce,4cf333ec-bd88-4349-9c72-ee06d32e8cd2.FPKM.txt.gz,Transcriptome Profiling,Gene Expression Quantification,TCGA-COAD,TCGA-AZ-6606,TCGA-AZ-6606-01A,Primary Tumor
3195072b-ef42-4810-9415-fbfda76aee05,8c0efc8b-3e41-47bb-91b5-e55f525c0776.FPKM.txt.gz,Transcriptome Profiling,Gene Expression Quantification,TCGA-COAD,TCGA-AZ-6607,TCGA-AZ-6607-01A,Primary Tumor
fd3f6697-d3bb-4346-b7c2-b19a4663709c,a8d7571b-7539-40ac-8be9-209aa54769d2.FPKM.txt.gz,Transcriptome Profiling,Gene Expression Quantification,TCGA-COAD,TCGA-AZ-6608,TCGA-AZ-6608-01A,Primary Tumor
e409ed16-6b14-40ec-a3fb-d5c06dd23dd2,0f2b58b4-7d91-48f3-8901-b624e3d6aa51.FPKM.txt.gz,Transcriptome Profiling,Gene Expression Quantification,TCGA-COAD,TCGA-CA-5254,TCGA-CA-5254-01A,Primary Tumor
0e86aca4-7490-4489-9b32-5afe32d0c9de,f1038bc1-954d-4476-8abe-85093c206a5d.FPKM.txt.gz,Transcriptome Profiling,Gene Expression Quantification,TCGA-COAD,TCGA-CA-5255,TCGA-CA-5255-01A,Primary Tumor
eebfd1aa-0349-46b2-8abb-838f1b7cb44e,339bf596-e9a9-4d65-b61f-294f410dd1c8.FPKM.txt.gz,Transcriptome Profiling,Gene Expression Quantification,TCGA-COAD,TCGA-CA-5256,TCGA-CA-5256-01A,Primary Tumor
97a49902-b284-4a22-8e33-d7e935c5d37a,31cf7af3-5576-4201-912d-5948fa2c0296.FPKM.txt.gz,Transcriptome Profiling,Gene Expression Quantification,TCGA-COAD,TCGA-CA-5796,TCGA-CA-5796-01A,Primary Tumor
c241f756-6e7c-4e85-aff1-3241e49123b5,c12e6882-8bb8-448f-917c-dc9844fca4be.FPKM.txt.gz,Transcriptome Profiling,Gene Expression Quantification,TCGA-COAD,TCGA-CA-5797,TCGA-CA-5797-01A,Primary Tumor
5b1f19d4-15b1-4012-8552-fde04b1d89ce,2f906887-7836-4f24-8f97-91b10811a7c3.FPKM.txt.gz,Transcriptome Profiling,Gene Expression Quantification,TCGA-COAD,TCGA-CA-6715,TCGA-CA-6715-01A,Primary Tumor
cd9d4d19-b6d6-4189-bf9e-2b62a64ff8ef,9c64a139-1417-4465-8472-b44182874b0a.FPKM.txt.gz,Transcriptome Profiling,Gene Expression Quantification,TCGA-COAD,TCGA-CA-6716,TCGA-CA-6716-01A,Primary Tumor
cb98242d-6447-4ab2-9c0e-036ec531fd97,17c88994-9e8e-4f16-8c41-34e98a0d8c52.FPKM.txt.gz,Transcriptome Profiling,Gene Expression Quantification,TCGA-COAD,TCGA-CA-6717,TCGA-CA-6717-01A,Primary Tumor
8c9d18cc-8aee-454b-a924-d824e2cc8330,d753b828-373f-4ebc-a300-598e0c6e79ba.FPKM.txt.gz,Transcriptome Profiling,Gene Expression Quantification,TCGA-COAD,TCGA-CA-6718,TCGA-CA-6718-01A,Primary Tumor
b40b93b5-8657-44cf-9f25-a06469e06d31,e69b55b8-7988-4881-be5e-22e20d42197f.FPKM.txt.gz,Transcriptome Profiling,Gene Expression Quantification,TCGA-COAD,TCGA-CA-6719,TCGA-CA-6719-01A,Primary Tumor
e6d4ffc1-87f3-4106-95d8-e9bcb7928246,2f220acd-b59a-4b9a-8a03-6bb8444ef025.FPKM.txt.gz,Transcriptome Profiling,Gene Expression Quantification,TCGA-COAD,TCGA-CK-4947,TCGA-CK-4947-01B,Primary Tumor
63a9c62e-9c98-4d07-a24f-61d0ab385c0e,2a2b0e0f-d54a-4902-8778-500364fcc0c5.FPKM.txt.gz,Transcriptome Profiling,Gene Expression Quantification,TCGA-COAD,TCGA-CK-4948,TCGA-CK-4948-01B,Primary Tumor
717cf0de-e4b5-43b9-86ab-90bb45d13d1c,28004569-048d-4f8c-99aa-7a8c69a98dcc.FPKM.txt.gz,Transcriptome Profiling,Gene Expression Quantification,TCGA-COAD,TCGA-CK-4950,TCGA-CK-4950-01A,Primary Tumor
ee11dc8f-aa8e-49ae-9121-8ce211752f2e,fa73bdce-67fb-42aa-883f-635f0e7bcdc6.FPKM.txt.gz,Transcriptome Profiling,Gene Expression Quantification,TCGA-COAD,TCGA-CK-4951,TCGA-CK-4951-01A,Primary Tumor
5eab7557-0125-414b-8cc3-ef9875a22c5d,8bc10161-4cca-46c5-985e-e07349484ec2.FPKM.txt.gz,Transcriptome Profiling,Gene Expression Quantification,TCGA-COAD,TCGA-CK-4952,TCGA-CK-4952-01A,Primary Tumor
1e72d9d1-2766-4ec3-8f35-24925ea5eb1d,b26f9ac5-9100-4530-8582-11ab9dbfd669.FPKM.txt.gz,Transcriptome Profiling,Gene Expression Quantification,TCGA-COAD,TCGA-CK-5912,TCGA-CK-5912-01A,Primary Tumor
79b1cf4b-387c-4eff-962b-16569eb7f340,81a64df9-c073-4097-ba73-896396da3135.FPKM.txt.gz,Transcriptome Profiling,Gene Expression Quantification,TCGA-COAD,TCGA-CK-5913,TCGA-CK-5913-01A,Primary Tumor
bd51d0c7-4976-4812-b2b5-602a0781953b,eda58f69-4a60-4072-aa1c-541a90d2d80b.FPKM.txt.gz,Transcriptome Profiling,Gene Expression Quantification,TCGA-COAD,TCGA-CK-5914,TCGA-CK-5914-01A,Primary Tumor
f66729f0-6495-4921-8e95-4825fe1f2041,d5b4d77f-feb9-4a79-84a0-22849eb18112.FPKM.txt.gz,Transcriptome Profiling,Gene Expression Quantification,TCGA-COAD,TCGA-CK-5915,TCGA-CK-5915-01A,Primary Tumor
26136dcd-9007-4a74-b362-21f0c37da898,81903241-4091-45eb-baf1-90b10b727208.FPKM.txt.gz,Transcriptome Profiling,Gene Expression Quantification,TCGA-COAD,TCGA-CK-5916,TCGA-CK-5916-01A,Primary Tumor
fb3d6d31-e960-4c48-83fa-122a24290667,6fc8652c-24a6-49d4-8739-12cd70d947b6.FPKM.txt.gz,Transcriptome Profiling,Gene Expression Quantification,TCGA-COAD,TCGA-CK-6746,TCGA-CK-6746-01A,Primary Tumor
1622b744-ec85-42cd-a248-c129dbdd1e23,8fae8dd5-65e9-43ac-9b0a-080a77c71d55.FPKM.txt.gz,Transcriptome Profiling,Gene Expression Quantification,TCGA-COAD,TCGA-CK-6747,TCGA-CK-6747-01A,Primary Tumor
a1bcc411-da2c-47bd-86c3-e72da4aba2e8,d47d93d3-64e9-40a3-a941-33432fb31a1a.FPKM.txt.gz,Transcriptome Profiling,Gene Expression Quantification,TCGA-COAD,TCGA-CK-6748,TCGA-CK-6748-01A,Primary Tumor
ff229f64-4411-488c-88c4-46b964df737d,2328d034-7b9b-442a-ad5d-ad56d9c83d1d.FPKM.txt.gz,Transcriptome Profiling,Gene Expression Quantification,TCGA-COAD,TCGA-CK-6751,TCGA-CK-6751-01A,Primary Tumor
f9ad8a69-445e-47ef-a6b4-6aef99cba9ff,9e97f017-6855-4d68-bd2a-c4da3ccb1d57.FPKM.txt.gz,Transcriptome Profiling,Gene Expression Quantification,TCGA-COAD,TCGA-CM-4743,TCGA-CM-4743-01A,Primary Tumor
7f1aa1b3-2050-40de-8695-c2919f60cfdb,1f5ff5c6-64a8-4214-b304-634aae40202a.FPKM.txt.gz,Transcriptome Profiling,Gene Expression Quantification,TCGA-COAD,TCGA-CM-4744,TCGA-CM-4744-01A,Primary Tumor
1a7ab72c-ccbe-4ffe-b43d-d8570cb62c0b,2eb058b5-5b46-4568-b362-e7e2332babda.FPKM.txt.gz,Transcriptome Profiling,Gene Expression Quantification,TCGA-COAD,TCGA-CM-4746,TCGA-CM-4746-01A,Primary Tumor
68a404a1-f9fd-452e-8bec-a4277df0dec4,f0b34dc3-72b8-48d0-a755-354c74405264.FPKM.txt.gz,Transcriptome Profiling,Gene Expression Quantification,TCGA-COAD,TCGA-CM-4747,TCGA-CM-4747-01A,Primary Tumor
bdc724e7-91e7-49da-9d89-6672d08523a7,07ec290d-c41b-42eb-8cb2-07504451f732.FPKM.txt.gz,Transcriptome Profiling,Gene Expression Quantification,TCGA-COAD,TCGA-CM-4748,TCGA-CM-4748-01A,Primary Tumor
50a655d6-08c6-4a09-a671-946157e21170,d4653ecd-d656-46a6-8161-da29271ca88b.FPKM.txt.gz,Transcriptome Profiling,Gene Expression Quantification,TCGA-COAD,TCGA-CM-4750,TCGA-CM-4750-01A,Primary Tumor
b416244d-4f7a-4a8c-b966-fecd68328862,058ac81a-3b90-4e7d-8f7b-9c34fbc77997.FPKM.txt.gz,Transcriptome Profiling,Gene Expression Quantification,TCGA-COAD,TCGA-CM-4751,TCGA-CM-4751-01A,Primary Tumor
f8ec7c62-e8e1-4a17-9092-478de7261591,36263f87-1956-499c-ac90-dee060c5bdd4.FPKM.txt.gz,Transcriptome Profiling,Gene Expression Quantification,TCGA-COAD,TCGA-CM-4752,TCGA-CM-4752-01A,Primary Tumor
3ce83709-c797-44fe-82ef-8a0d93695552,2de834f0-d5dc-46d3-9411-3db9635e9b99.FPKM.txt.gz,Transcriptome Profiling,Gene Expression Quantification,TCGA-COAD,TCGA-CM-5341,TCGA-CM-5341-01A,Primary Tumor
28bbe070-fffc-49b5-8fd4-13f20511f321,737a6ce7-5446-4610-bf9f-5c46b769b842.FPKM.txt.gz,Transcriptome Profiling,Gene Expression Quantification,TCGA-COAD,TCGA-CM-5344,TCGA-CM-5344-01A,Primary Tumor
d9c885ec-6ac4-418a-a92f-01b64a39adf9,ecdb94bb-54ab-4d89-a13f-be2e65fc89bb.FPKM.txt.gz,Transcriptome Profiling,Gene Expression Quantification,TCGA-COAD,TCGA-CM-5348,TCGA-CM-5348-01A,Primary Tumor
aa509806-c68a-4a33-b67b-aee85c6a1c80,ca75e00b-f5e2-4904-a53b-36a1314e8e86.FPKM.txt.gz,Transcriptome Profiling,Gene Expression Quantification,TCGA-COAD,TCGA-CM-5349,TCGA-CM-5349-01A,Primary Tumor
2f969a3a-f22c-4aca-8774-ee34d2e9ea47,6f4f4e5d-d81e-402e-859f-3ee580a8bbde.FPKM.txt.gz,Transcriptome Profiling,Gene Expression Quantification,TCGA-COAD,TCGA-CM-5860,TCGA-CM-5860-01A,Primary Tumor
35c31c95-cd4d-4a2e-8edb-a839ce640a38,5f7d04a4-2a28-44ae-8c27-f5e60f244432.FPKM.txt.gz,Transcriptome Profiling,Gene Expression Quantification,TCGA-COAD,TCGA-CM-5861,TCGA-CM-5861-01A,Primary Tumor
cbd9eff3-00c9-4f49-80d1-a74bdd573943,27af8811-03a1-43e5-8a42-8acf158e3e13.FPKM.txt.gz,Transcriptome Profiling,Gene Expression Quantification,TCGA-COAD,TCGA-CM-5862,TCGA-CM-5862-01A,Primary Tumor
0a153107-be76-4054-b1d3-aa5cba09cbc4,0319a4cc-ee3f-4c6f-83e1-7cdd5f865dc0.FPKM.txt.gz,Transcriptome Profiling,Gene Expression Quantification,TCGA-COAD,TCGA-CM-5863,TCGA-CM-5863-01A,Primary Tumor
6bf6c1a6-b481-4b07-a51f-0b4397efff64,c419c0fe-74c5-44b1-89ed-887c2c3cfded.FPKM.txt.gz,Transcriptome Profiling,Gene Expression Quantification,TCGA-COAD,TCGA-CM-5864,TCGA-CM-5864-01A,Primary Tumor
ee043870-2021-49d7-b1cd-9cde3bc63d6c,902732ab-8a29-46ae-a06d-556ab3cb6825.FPKM.txt.gz,Transcriptome Profiling,Gene Expression Quantification,TCGA-COAD,TCGA-CM-5868,TCGA-CM-5868-01A,Primary Tumor
51fc2a94-2bb5-4295-b27e-74b79d8bad5a,4f89b1c6-b0a3-4739-a77c-2458e6d45351.FPKM.txt.gz,Transcriptome Profiling,Gene Expression Quantification,TCGA-COAD,TCGA-CM-6161,TCGA-CM-6161-01A,Primary Tumor
15adf334-978c-4504-bd8d-c6de90054282,4e21fbbb-d38a-4af7-87df-055624c780e2.FPKM.txt.gz,Transcriptome Profiling,Gene Expression Quantification,TCGA-COAD,TCGA-CM-6162,TCGA-CM-6162-01A,Primary Tumor
cb9a0808-0ae6-45d7-9fce-987073ff822f,8894d65e-71ff-4d4f-9abf-b0d3c6917a0c.FPKM.txt.gz,Transcriptome Profiling,Gene Expression Quantification,TCGA-COAD,TCGA-CM-6163,TCGA-CM-6163-01A,Primary Tumor
d56683d1-34de-4ed6-86cc-197719e11dab,c264fe3b-482b-44ec-83a4-73df565663ff.FPKM.txt.gz,Transcriptome Profiling,Gene Expression Quantification,TCGA-COAD,TCGA-CM-6164,TCGA-CM-6164-01A,Primary Tumor
48c89ece-42f8-4455-9dd3-4c55f0a9021f,020aa019-a3a4-4055-92ee-be824a597501.FPKM.txt.gz,Transcriptome Profiling,Gene Expression Quantification,TCGA-COAD,TCGA-CM-6165,TCGA-CM-6165-01A,Primary Tumor
77e0d429-def3-4fe9-861e-01aa6427ee44,bef7dd4d-624a-4b35-aab8-bf1c99d3bf01.FPKM.txt.gz,Transcriptome Profiling,Gene Expression Quantification,TCGA-COAD,TCGA-CM-6166,TCGA-CM-6166-01A,Primary Tumor
94392981-b9ac-4fa3-a7f2-45cc41142f24,de592955-56f1-498c-adf6-99e382102476.FPKM.txt.gz,Transcriptome Profiling,Gene Expression Quantification,TCGA-COAD,TCGA-CM-6167,TCGA-CM-6167-01A,Primary Tumor
0bc36e6e-f2b3-4a8e-a7b7-e4bf2e00489d,ef4fdb47-ab17-4055-b8a5-ec3c2a4b7041.FPKM.txt.gz,Transcriptome Profiling,Gene Expression Quantification,TCGA-COAD,TCGA-CM-6168,TCGA-CM-6168-01A,Primary Tumor
02f28747-1fa5-4b3c-b4c6-e2e6d1817537,65ec87f8-ca6b-4b47-9700-ef1b67589dec.FPKM.txt.gz,Transcriptome Profiling,Gene Expression Quantification,TCGA-COAD,TCGA-CM-6169,TCGA-CM-6169-01A,Primary Tumor
78e74ca3-ec8e-48c3-bfa3-c5b2252e7d9d,f7ce175f-763e-4a55-97e3-0381d889b0eb.FPKM.txt.gz,Transcriptome Profiling,Gene Expression Quantification,TCGA-COAD,TCGA-CM-6170,TCGA-CM-6170-01A,Primary Tumor
dc0124e6-00ed-426a-b45e-38d1cb55fa65,b53f9a9d-b24d-410d-b3e9-f2a8bf22ca27.FPKM.txt.gz,Transcriptome Profiling,Gene Expression Quantification,TCGA-COAD,TCGA-CM-6171,TCGA-CM-6171-01A,Primary Tumor
57beca15-dde6-4475-b039-536ef196be30,6815a151-f39d-42b5-b17f-b219fe9f73d1.FPKM.txt.gz,Transcriptome Profiling,Gene Expression Quantification,TCGA-COAD,TCGA-CM-6172,TCGA-CM-6172-01A,Primary Tumor
cf7cfacd-062d-40f3-94c4-0c2f36c53ca8,02a81bc3-4672-4d2f-808d-d27f4b63bf85.FPKM.txt.gz,Transcriptome Profiling,Gene Expression Quantification,TCGA-COAD,TCGA-CM-6674,TCGA-CM-6674-01A,Primary Tumor
3b366acc-dfc8-4ac5-a9ba-3bb5fc0c5475,d0fbe329-d4d8-4082-99a8-da1a1283963d.FPKM.txt.gz,Transcriptome Profiling,Gene Expression Quantification,TCGA-COAD,TCGA-CM-6675,TCGA-CM-6675-01A,Primary Tumor
eac0fb62-952e-491c-96ce-1b425b57e51d,09796233-3f40-4deb-b77d-2267c3afff59.FPKM.txt.gz,Transcriptome Profiling,Gene Expression Quantification,TCGA-COAD,TCGA-CM-6676,TCGA-CM-6676-01A,Primary Tumor
62054e7d-db4e-417b-b8cc-c80b0340cb3b,e53e1a83-1979-4e12-bbb7-79b37d0cfe03.FPKM.txt.gz,Transcriptome Profiling,Gene Expression Quantification,TCGA-COAD,TCGA-CM-6677,TCGA-CM-6677-01A,Primary Tumor
99ef49a0-11fc-4731-92de-3c6811d52be3,6947d9d0-2d4f-444e-889f-7dafccb67251.FPKM.txt.gz,Transcriptome Profiling,Gene Expression Quantification,TCGA-COAD,TCGA-CM-6678,TCGA-CM-6678-01A,Primary Tumor
ece81b01-f325-4faa-a819-5e6a59100614,5654a36c-4d18-4746-8a4c-b7b616f99481.FPKM.txt.gz,Transcriptome Profiling,Gene Expression Quantification,TCGA-COAD,TCGA-CM-6679,TCGA-CM-6679-01A,Primary Tumor
d9848a65-fea8-4449-b8d2-2fc6faf9e8f5,1880aacf-cd87-4a9c-8d53-16507475f3a8.FPKM.txt.gz,Transcriptome Profiling,Gene Expression Quantification,TCGA-COAD,TCGA-CM-6680,TCGA-CM-6680-01A,Primary Tumor
e43570ac-2203-4edb-b8db-c15df653bda8,c0085daf-b7dd-4c12-b347-6949c2421934.FPKM.txt.gz,Transcriptome Profiling,Gene Expression Quantification,TCGA-COAD,TCGA-D5-5537,TCGA-D5-5537-01A,Primary Tumor
8679d517-8ebf-41b8-b273-ad9c15f93ea2,d9a7bb79-e262-4976-aa25-26cb9baa2c99.FPKM.txt.gz,Transcriptome Profiling,Gene Expression Quantification,TCGA-COAD,TCGA-D5-5538,TCGA-D5-5538-01A,Primary Tumor
2d1df18d-a5d2-40b1-b030-91d47def2b28,65cfbf50-1318-4357-9df4-094f6dbec49c.FPKM.txt.gz,Transcriptome Profiling,Gene Expression Quantification,TCGA-COAD,TCGA-D5-5539,TCGA-D5-5539-01A,Primary Tumor
ef23b74f-a6b6-4db2-ba7c-1d0654954fea,02ddfa3d-13b3-4624-994d-62e740fa4a3d.FPKM.txt.gz,Transcriptome Profiling,Gene Expression Quantification,TCGA-COAD,TCGA-D5-5540,TCGA-D5-5540-01A,Primary Tumor
7990d43f-2544-4c76-aada-274ca2cb3b63,079e4d43-d129-4ad1-b5b6-7a798f440792.FPKM.txt.gz,Transcriptome Profiling,Gene Expression Quantification,TCGA-COAD,TCGA-D5-5541,TCGA-D5-5541-01A,Primary Tumor
1004ae6c-8825-4487-8b7d-0eac8d22d414,df2df36d-6652-4eec-b62a-ea99af075cb6.FPKM.txt.gz,Transcriptome Profiling,Gene Expression Quantification,TCGA-COAD,TCGA-D5-6529,TCGA-D5-6529-01A,Primary Tumor
037c5ea2-3c44-4eb2-a28b-53c8717f28a4,a9560d7c-294e-4dfd-aa10-4ab456d8b124.FPKM.txt.gz,Transcriptome Profiling,Gene Expression Quantification,TCGA-COAD,TCGA-D5-6530,TCGA-D5-6530-01A,Primary Tumor
8da456e6-9eb7-4aa4-a91a-f87b30c01b24,23fb4808-3b58-41b9-9c15-0ef53cafb713.FPKM.txt.gz,Transcriptome Profiling,Gene Expression Quantification,TCGA-COAD,TCGA-D5-6531,TCGA-D5-6531-01A,Primary Tumor
43f5e86a-4566-435a-92e7-b9dd783b0483,67d1e5e4-91de-43df-b127-ffeef6070603.FPKM.txt.gz,Transcriptome Profiling,Gene Expression Quantification,TCGA-COAD,TCGA-D5-6532,TCGA-D5-6532-01A,Primary Tumor
77986019-d65c-4bec-8af9-3c1c4fe653c7,9c22b778-e2dc-4fa7-a135-2b78926bb82b.FPKM.txt.gz,Transcriptome Profiling,Gene Expression Quantification,TCGA-COAD,TCGA-D5-6533,TCGA-D5-6533-01A,Primary Tumor
cc7cf3f9-f208-4755-8eb4-595bf2ae2374,d2587070-cb7d-440d-ae49-52f5077248e6.FPKM.txt.gz,Transcriptome Profiling,Gene Expression Quantification,TCGA-COAD,TCGA-D5-6534,TCGA-D5-6534-01A,Primary Tumor
24255629-fc02-43bb-9a93-3c5916e4a53c,1e50d68e-ac09-42ad-9678-bc0598328037.FPKM.txt.gz,Transcriptome Profiling,Gene Expression Quantification,TCGA-COAD,TCGA-D5-6535,TCGA-D5-6535-01A,Primary Tumor
8e4e32c7-686a-44b2-b9a2-0780803d6c36,ced37a67-bf80-468d-8299-940bb9b88107.FPKM.txt.gz,Transcriptome Profiling,Gene Expression Quantification,TCGA-COAD,TCGA-D5-6536,TCGA-D5-6536-01A,Primary Tumor
246ce24e-0757-473c-971e-67032ec64200,646d58e7-b7e2-4b2b-bb37-3ca20b601213.FPKM.txt.gz,Transcriptome Profiling,Gene Expression Quantification,TCGA-COAD,TCGA-D5-6537,TCGA-D5-6537-01A,Primary Tumor
d3aacef9-8ee9-406c-8305-746e19fed055,123db725-bd0a-4b20-ba1d-9cc3a8948f70.FPKM.txt.gz,Transcriptome Profiling,Gene Expression Quantification,TCGA-COAD,TCGA-D5-6538,TCGA-D5-6538-01A,Primary Tumor
3f81dece-8cd6-4e52-a7f8-358c3667c77e,33188748-30a2-41f2-bf42-69da0f011e71.FPKM.txt.gz,Transcriptome Profiling,Gene Expression Quantification,TCGA-COAD,TCGA-D5-6539,TCGA-D5-6539-01A,Primary Tumor
b4e3a354-03bf-4a1b-86e1-0b7853b4a306,ee926a57-93f9-4eb8-86da-224f5daac92a.FPKM.txt.gz,Transcriptome Profiling,Gene Expression Quantification,TCGA-COAD,TCGA-D5-6540,TCGA-D5-6540-01A,Primary Tumor
67a07aea-08b9-4033-8d97-734acc633f21,00f768f9-9e6c-4e84-bdba-c19368f7e522.FPKM.txt.gz,Transcriptome Profiling,Gene Expression Quantification,TCGA-COAD,TCGA-D5-6541,TCGA-D5-6541-01A,Primary Tumor
b4f0ecd3-7e52-4872-98ce-a2149a7ec403,f96e90ca-9211-420e-a75f-5f30b67d2d95.FPKM.txt.gz,Transcriptome Profiling,Gene Expression Quantification,TCGA-COAD,TCGA-D5-6898,TCGA-D5-6898-01A,Primary Tumor
e6a821ec-65ef-4b30-86df-feda74c27efc,77dbc29d-e3dd-45cc-b1d8-3bdd1711c704.FPKM.txt.gz,Transcriptome Profiling,Gene Expression Quantification,TCGA-COAD,TCGA-D5-6920,TCGA-D5-6920-01A,Primary Tumor
59cd6317-40f2-4fb8-ada9-89b14bb2d5cb,32a115cf-570f-4ad9-a123-8e1970062f51.FPKM.txt.gz,Transcriptome Profiling,Gene Expression Quantification,TCGA-COAD,TCGA-D5-6922,TCGA-D5-6922-01A,Primary Tumor
71502eeb-34d7-408a-94b8-9974b245a139,192fb5a0-8ee2-4c96-a3ed-e89904a3d086.FPKM.txt.gz,Transcriptome Profiling,Gene Expression Quantification,TCGA-COAD,TCGA-D5-6923,TCGA-D5-6923-01A,Primary Tumor
a04bc2f0-62f5-4223-b787-a5ba132d0870,de796614-444b-4e3e-b4e6-fb3a78ef6f65.FPKM.txt.gz,Transcriptome Profiling,Gene Expression Quantification,TCGA-COAD,TCGA-D5-6924,TCGA-D5-6924-01A,Primary Tumor
ea828419-d095-4607-967c-3206e2c98c13,a58a7a42-4dda-46cc-a9ec-4a3ca597d972.FPKM.txt.gz,Transcriptome Profiling,Gene Expression Quantification,TCGA-COAD,TCGA-D5-6926,TCGA-D5-6926-01A,Primary Tumor
87c891ee-a23d-4c0c-b9dc-c017c2ee31b2,789db3c8-c5cd-428d-aaef-e3f60c40bc9a.FPKM.txt.gz,Transcriptome Profiling,Gene Expression Quantification,TCGA-COAD,TCGA-D5-6927,TCGA-D5-6927-01A,Primary Tumor
d494b00e-bb4c-4c56-bab0-dac5d4d7a172,fe898d64-faa4-452c-b8ef-cfec7250a286.FPKM.txt.gz,Transcriptome Profiling,Gene Expression Quantification,TCGA-COAD,TCGA-D5-6928,TCGA-D5-6928-01A,Primary Tumor
c7fe3916-e820-4e91-860b-b597e318c72c,771bbbfd-e1fd-4dfd-b822-3e091ef656d2.FPKM.txt.gz,Transcriptome Profiling,Gene Expression Quantification,TCGA-COAD,TCGA-D5-6929,TCGA-D5-6929-01A,Primary Tumor
6b70931f-632a-44dd-be39-753dba9d5f7a,62f84581-4c7d-4c8e-835c-9304bcec3106.FPKM.txt.gz,Transcriptome Profiling,Gene Expression Quantification,TCGA-COAD,TCGA-D5-6930,TCGA-D5-6930-01A,Primary Tumor
d273e53b-f9b2-4dde-b22f-de5fa9a21a29,f749b616-111f-42d6-b71c-8a3a604f2f3d.FPKM.txt.gz,Transcriptome Profiling,Gene Expression Quantification,TCGA-COAD,TCGA-D5-6931,TCGA-D5-6931-01A,Primary Tumor
c6d03cb9-5e81-4dfd-addc-b440f0523a03,42c56861-1c90-41e0-a5d5-324e5fd80ea8.FPKM.txt.gz,Transcriptome Profiling,Gene Expression Quantification,TCGA-COAD,TCGA-D5-6932,TCGA-D5-6932-01A,Primary Tumor
545ce958-6364-4979-8950-a08d8ccbce38,d23905fa-4722-4c97-8b75-ea8ae67faf40.FPKM.txt.gz,Transcriptome Profiling,Gene Expression Quantification,TCGA-COAD,TCGA-D5-7000,TCGA-D5-7000-01A,Primary Tumor
3bfec6ac-aad0-4b88-a4a9-8d98267753cd,25b8756b-61b5-40f8-bbdf-7b2de810c92f.FPKM.txt.gz,Transcriptome Profiling,Gene Expression Quantification,TCGA-COAD,TCGA-DM-A0X9,TCGA-DM-A0X9-01A,Primary Tumor
9e2fe29a-36b0-4ec8-a0b8-7b445de27c08,d5c8759b-0dc1-4057-b9df-c9aa4a6b2a04.FPKM.txt.gz,Transcriptome Profiling,Gene Expression Quantification,TCGA-COAD,TCGA-DM-A0XD,TCGA-DM-A0XD-01A,Primary Tumor
1bbaa612-f7e6-48e0-be40-34a3606af6ad,25a62766-c783-415a-96bf-dafc8f109510.FPKM.txt.gz,Transcriptome Profiling,Gene Expression Quantification,TCGA-COAD,TCGA-DM-A0XF,TCGA-DM-A0XF-01A,Primary Tumor
05b659fb-3c32-481d-8e9d-a4b78c0e41e5,d62ce057-d970-4bb0-b929-923c7bfb9e11.FPKM.txt.gz,Transcriptome Profiling,Gene Expression Quantification,TCGA-COAD,TCGA-DM-A1D0,TCGA-DM-A1D0-01A,Primary Tumor
c18e301b-408f-4f32-8b8d-c7fbb1071eb4,087666cd-47ae-4f56-b947-d6aa1c25e8a7.FPKM.txt.gz,Transcriptome Profiling,Gene Expression Quantification,TCGA-COAD,TCGA-DM-A1D4,TCGA-DM-A1D4-01A,Primary Tumor
d94b55ff-8699-4c04-8321-062962156361,5cc11a29-89a1-415a-8503-c0821751d1d1.FPKM.txt.gz,Transcriptome Profiling,Gene Expression Quantification,TCGA-COAD,TCGA-DM-A1D6,TCGA-DM-A1D6-01A,Primary Tumor
36dd4ec1-b61f-4f76-b0c8-3af5af93f804,7e5fbe6a-4463-424b-b024-b207d4a89962.FPKM.txt.gz,Transcriptome Profiling,Gene Expression Quantification,TCGA-COAD,TCGA-DM-A1D7,TCGA-DM-A1D7-01A,Primary Tumor
f983659f-8f96-49ca-b901-631255ab9285,e4a20e3d-51ce-41a1-b200-0dcbfd01e674.FPKM.txt.gz,Transcriptome Profiling,Gene Expression Quantification,TCGA-COAD,TCGA-DM-A1D8,TCGA-DM-A1D8-01A,Primary Tumor
89b260ab-5cbc-4c1c-ad17-f0a19b94fe69,a8cccaa0-76de-4b73-8f73-85fce2bc278b.FPKM.txt.gz,Transcriptome Profiling,Gene Expression Quantification,TCGA-COAD,TCGA-DM-A1D9,TCGA-DM-A1D9-01A,Primary Tumor
7318e91a-5861-48ec-9bd4-ab9b6bb2a805,b9134508-ab9b-41ef-b6e3-745b85353a55.FPKM.txt.gz,Transcriptome Profiling,Gene Expression Quantification,TCGA-COAD,TCGA-DM-A1DA,TCGA-DM-A1DA-01A,Primary Tumor
e12c2e5f-7790-4981-b91b-93836624304b,0422da40-5671-48c5-bbe0-e32a476c5cda.FPKM.txt.gz,Transcriptome Profiling,Gene Expression Quantification,TCGA-COAD,TCGA-DM-A1DB,TCGA-DM-A1DB-01A,Primary Tumor
ca659c1b-7f25-4c8e-ad10-72eb356c3a3b,9c2cd1ea-6106-46c6-9966-5e9f4de8665e.FPKM.txt.gz,Transcriptome Profiling,Gene Expression Quantification,TCGA-COAD,TCGA-DM-A1HA,TCGA-DM-A1HA-01A,Primary Tumor
2cabc42b-4586-424f-9383-7a7d201988a5,7bb97da8-8db8-4f9b-a9ff-54b644019412.FPKM.txt.gz,Transcriptome Profiling,Gene Expression Quantification,TCGA-COAD,TCGA-DM-A1HB,TCGA-DM-A1HB-01A,Primary Tumor
8bd7b0b6-651c-4588-9d8f-0215075c0c87,b4569515-17c7-4029-9c84-52aa7e1a7d2a.FPKM.txt.gz,Transcriptome Profiling,Gene Expression Quantification,TCGA-COAD,TCGA-DM-A280,TCGA-DM-A280-01A,Primary Tumor
f5589454-7140-4993-9870-caf1a88e9e8a,c8544a8a-4352-438d-94d4-3495af2e9a78.FPKM.txt.gz,Transcriptome Profiling,Gene Expression Quantification,TCGA-COAD,TCGA-DM-A282,TCGA-DM-A282-01A,Primary Tumor
de1d627b-b1f9-45bf-8485-17226ae8a79d,7c12c6da-5e8a-4cd1-972f-e76178e09b7d.FPKM.txt.gz,Transcriptome Profiling,Gene Expression Quantification,TCGA-COAD,TCGA-DM-A285,TCGA-DM-A285-01A,Primary Tumor
3872c1d9-19f4-4018-af88-06d6e3fa823a,dac5d05e-c693-4dd3-b06f-faba625b5f18.FPKM.txt.gz,Transcriptome Profiling,Gene Expression Quantification,TCGA-COAD,TCGA-DM-A288,TCGA-DM-A288-01A,Primary Tumor
fbf75b76-3ff0-4a9f-871e-4c0a7ef56de3,5a58850f-397c-4786-8141-2d57dd974673.FPKM.txt.gz,Transcriptome Profiling,Gene Expression Quantification,TCGA-COAD,TCGA-DM-A28A,TCGA-DM-A28A-01A,Primary Tumor
1da6c7e5-a34f-474d-941c-83e766e27a7a,92107b4f-bd77-4401-9065-4b9704110d44.FPKM.txt.gz,Transcriptome Profiling,Gene Expression Quantification,TCGA-COAD,TCGA-DM-A28C,TCGA-DM-A28C-01A,Primary Tumor
eec7d343-86db-4cf2-8fd1-594601a5d55a,30cb2eed-e635-466d-85cb-6e3d00828688.FPKM.txt.gz,Transcriptome Profiling,Gene Expression Quantification,TCGA-COAD,TCGA-DM-A28E,TCGA-DM-A28E-01A,Primary Tumor
5fc731fa-f519-466e-bc22-4bd4fe72b219,31ce5f7c-5f1d-4e54-9343-5e9b57f5ed10.FPKM.txt.gz,Transcriptome Profiling,Gene Expression Quantification,TCGA-COAD,TCGA-DM-A28F,TCGA-DM-A28F-01A,Primary Tumor
4d744a1f-e857-45c6-b607-ecfd6e33d5b5,ec78640c-f4de-4d18-bf7c-9e5391feb915.FPKM.txt.gz,Transcriptome Profiling,Gene Expression Quantification,TCGA-COAD,TCGA-DM-A28G,TCGA-DM-A28G-01A,Primary Tumor
f79da62f-abe3-4391-89df-fe171647fda0,baf57a44-5eb7-4fdb-bbf6-ee006a122360.FPKM.txt.gz,Transcriptome Profiling,Gene Expression Quantification,TCGA-COAD,TCGA-DM-A28H,TCGA-DM-A28H-01A,Primary Tumor
4627c822-17d8-4bea-83a8-cbcff47ed136,146b8525-8ea4-4976-aac3-080e14a80fc0.FPKM.txt.gz,Transcriptome Profiling,Gene Expression Quantification,TCGA-COAD,TCGA-DM-A28K,TCGA-DM-A28K-01A,Primary Tumor
05599339-5e87-48d2-9aef-464af5044b21,99b6e196-2624-48bd-8922-d7c3af7e0d36.FPKM.txt.gz,Transcriptome Profiling,Gene Expression Quantification,TCGA-COAD,TCGA-DM-A28M,TCGA-DM-A28M-01A,Primary Tumor
4bd858ca-9ffb-4efb-8cbd-cc7f09bb61f4,37e498a7-b147-4c38-a3f5-ed283d57f97a.FPKM.txt.gz,Transcriptome Profiling,Gene Expression Quantification,TCGA-COAD,TCGA-F4-6459,TCGA-F4-6459-01A,Primary Tumor
275f97ac-77d1-4652-889e-124c151fb246,e61026a0-2377-448a-a505-e110260e7362.FPKM.txt.gz,Transcriptome Profiling,Gene Expression Quantification,TCGA-COAD,TCGA-F4-6460,TCGA-F4-6460-01A,Primary Tumor
2242861d-29f6-4c85-be2d-938eab19e760,2d5fbcf8-4347-4787-b04d-e84c88316776.FPKM.txt.gz,Transcriptome Profiling,Gene Expression Quantification,TCGA-COAD,TCGA-F4-6461,TCGA-F4-6461-01A,Primary Tumor
4ed4ac85-f5eb-4539-a35c-cd39a6f622cb,7e5759aa-8b94-4c50-8d62-779c69e29b79.FPKM.txt.gz,Transcriptome Profiling,Gene Expression Quantification,TCGA-COAD,TCGA-F4-6463,TCGA-F4-6463-01A,Primary Tumor
076803f5-82c9-4a80-a6d1-9c33ecf777d4,d7b9a594-2898-446b-a234-60f8ca8064a0.FPKM.txt.gz,Transcriptome Profiling,Gene Expression Quantification,TCGA-COAD,TCGA-F4-6569,TCGA-F4-6569-01A,Primary Tumor
ed47fbf1-0ac6-422c-b2dc-637f2515d214,5468841b-023c-484d-8c94-c6ae239bb28c.FPKM.txt.gz,Transcriptome Profiling,Gene Expression Quantification,TCGA-COAD,TCGA-F4-6570,TCGA-F4-6570-01A,Primary Tumor
171f45b1-cf49-4fe2-83c6-e6cc4f7006eb,c2357737-ad60-4603-9ce3-4b30cc45d30b.FPKM.txt.gz,Transcriptome Profiling,Gene Expression Quantification,TCGA-COAD,TCGA-F4-6703,TCGA-F4-6703-01A,Primary Tumor
aa0d8449-51c1-4bb7-8f47-398f15569446,dade0b16-ecc3-43b3-b328-3819a8fc18c6.FPKM.txt.gz,Transcriptome Profiling,Gene Expression Quantification,TCGA-COAD,TCGA-F4-6704,TCGA-F4-6704-01A,Primary Tumor
06b340e4-3022-45fe-9253-07ff4a25db7a,2b5f6764-5a5b-47dc-b0f8-7a548bab2e26.FPKM.txt.gz,Transcriptome Profiling,Gene Expression Quantification,TCGA-COAD,TCGA-F4-6805,TCGA-F4-6805-01A,Primary Tumor
50287245-6ed7-4bde-8323-36e7698adc6c,97675f21-ce94-4e7c-bc46-179cc2903bf3.FPKM.txt.gz,Transcriptome Profiling,Gene Expression Quantification,TCGA-COAD,TCGA-F4-6806,TCGA-F4-6806-01A,Primary Tumor
e8b8d99d-e1f9-439b-9dc3-6034feab1fa3,c094c9e4-260c-4b2a-bbf2-2fdcad927677.FPKM.txt.gz,Transcriptome Profiling,Gene Expression Quantification,TCGA-COAD,TCGA-F4-6807,TCGA-F4-6807-01A,Primary Tumor
6819cddb-911a-43c4-8f62-60a15308e352,acf69ad9-4284-4fba-854d-4f792818bdfe.FPKM.txt.gz,Transcriptome Profiling,Gene Expression Quantification,TCGA-COAD,TCGA-F4-6808,TCGA-F4-6808-01A,Primary Tumor
3b201cd5-6f7e-4b04-af9c-cf545b359969,eb2347cc-da91-4f84-a56f-ebc759d22915.FPKM.txt.gz,Transcriptome Profiling,Gene Expression Quantification,TCGA-COAD,TCGA-F4-6809,TCGA-F4-6809-01A,Primary Tumor
b83f19b6-ae43-4b45-ba2d-b05f77b8a9f2,6ae2dd6c-2a39-411f-a1fc-11e0e6e82165.FPKM.txt.gz,Transcriptome Profiling,Gene Expression Quantification,TCGA-COAD,TCGA-F4-6854,TCGA-F4-6854-01A,Primary Tumor
290ffcbd-63cc-4bd7-82f5-52bfe1131b0f,562e2cb3-078f-4796-b8a2-a0196713ebac.FPKM.txt.gz,Transcriptome Profiling,Gene Expression Quantification,TCGA-COAD,TCGA-F4-6855,TCGA-F4-6855-01A,Primary Tumor
5badaec8-e4ad-40aa-93ca-f157ce08fb44,7da3a50b-ee97-472f-8a13-523e80202c11.FPKM.txt.gz,Transcriptome Profiling,Gene Expression Quantification,TCGA-COAD,TCGA-F4-6856,TCGA-F4-6856-01A,Primary Tumor
19a12f7a-f7ee-40a4-a818-1301aa3239dd,708ac46f-4702-478e-b1ae-187e1a55b985.FPKM.txt.gz,Transcriptome Profiling,Gene Expression Quantification,TCGA-COAD,TCGA-G4-6293,TCGA-G4-6293-01A,Primary Tumor
b4803332-4f6f-4fb8-87c9-1e3da4c76cce,00106523-5b1d-44ad-a9f1-7d84db08722c.FPKM.txt.gz,Transcriptome Profiling,Gene Expression Quantification,TCGA-COAD,TCGA-G4-6294,TCGA-G4-6294-01A,Primary Tumor
b840473e-e137-49eb-ae8b-0a677cc0fb84,1d975006-4e14-4f2c-be5f-e09f58790d62.FPKM.txt.gz,Transcriptome Profiling,Gene Expression Quantification,TCGA-COAD,TCGA-G4-6295,TCGA-G4-6295-01A,Primary Tumor
b548c203-a35f-4566-963f-ce453df0d6c0,569ff63b-ea1c-4189-a5e5-8c44ee670cbe.FPKM.txt.gz,Transcriptome Profiling,Gene Expression Quantification,TCGA-COAD,TCGA-G4-6297,TCGA-G4-6297-01A,Primary Tumor
1a198b3c-d005-4bdc-94e6-6b47c8f9f58a,adcc8dd9-0bb9-45eb-b44e-013c7167dd83.FPKM.txt.gz,Transcriptome Profiling,Gene Expression Quantification,TCGA-COAD,TCGA-G4-6298,TCGA-G4-6298-01A,Primary Tumor
8f07aa8d-9d65-406f-9521-f5cf30836833,bd2b70a7-7a80-4ede-833e-ed6365552684.FPKM.txt.gz,Transcriptome Profiling,Gene Expression Quantification,TCGA-COAD,TCGA-G4-6299,TCGA-G4-6299-01A,Primary Tumor
7cea7655-4691-42f2-9e87-543975663c19,0fa55c0e-6f8f-44a6-82fe-9a42495d3484.FPKM.txt.gz,Transcriptome Profiling,Gene Expression Quantification,TCGA-COAD,TCGA-G4-6302,TCGA-G4-6302-01A,Primary Tumor
2c0c3b74-dad6-4679-b7aa-d0c1c2cfe0e1,8a266c03-d5ab-4047-96f2-a850cc7215b8.FPKM.txt.gz,Transcriptome Profiling,Gene Expression Quantification,TCGA-COAD,TCGA-G4-6303,TCGA-G4-6303-01A,Primary Tumor
3694f87d-f5de-419d-9ff5-0912c4ac9e50,fcb5f382-f06f-4885-8ea1-c0699b408838.FPKM.txt.gz,Transcriptome Profiling,Gene Expression Quantification,TCGA-COAD,TCGA-G4-6304,TCGA-G4-6304-01A,Primary Tumor
10806991-4ce9-42fc-8c43-cac7ea5309ac,54597194-db70-4e06-846a-1650b7562c51.FPKM.txt.gz,Transcriptome Profiling,Gene Expression Quantification,TCGA-COAD,TCGA-G4-6306,TCGA-G4-6306-01A,Primary Tumor
6bd742c8-a249-42de-9be8-c91a782b4031,eb799eef-5506-4935-9649-c543a1d1bbd5.FPKM.txt.gz,Transcriptome Profiling,Gene Expression Quantification,TCGA-COAD,TCGA-G4-6307,TCGA-G4-6307-01A,Primary Tumor
90040b4a-4fb0-4f03-a58b-52d89a071d76,d64dbed4-65e5-4a19-ac6b-d8e7a06169da.FPKM.txt.gz,Transcriptome Profiling,Gene Expression Quantification,TCGA-COAD,TCGA-G4-6309,TCGA-G4-6309-01A,Primary Tumor
c2effbd3-9782-4a0d-b7fe-ffdd0d40bac4,5140a52e-42c4-4374-ae49-b208aff98396.FPKM.txt.gz,Transcriptome Profiling,Gene Expression Quantification,TCGA-COAD,TCGA-G4-6310,TCGA-G4-6310-01A,Primary Tumor
a45858dd-1f87-467e-8b5a-30ff52d00573,7261b656-c79c-4581-a503-15b653e2b5d2.FPKM.txt.gz,Transcriptome Profiling,Gene Expression Quantification,TCGA-COAD,TCGA-G4-6311,TCGA-G4-6311-01A,Primary Tumor
36edd5c6-ed0a-405f-98ee-13f43109f145,17e4f239-6e6d-4a5e-942f-eec14d46ca10.FPKM.txt.gz,Transcriptome Profiling,Gene Expression Quantification,TCGA-COAD,TCGA-G4-6314,TCGA-G4-6314-01A,Primary Tumor
f96d5777-e71f-4bfd-abba-33533487e0b8,74fd04b7-c554-4bae-a1ca-6b792b0521a1.FPKM.txt.gz,Transcriptome Profiling,Gene Expression Quantification,TCGA-COAD,TCGA-G4-6315,TCGA-G4-6315-01A,Primary Tumor
fc1d89e8-178f-4afd-acb9-2e84eb4e5165,e5b468e1-f932-497d-8045-e75588701aac.FPKM.txt.gz,Transcriptome Profiling,Gene Expression Quantification,TCGA-COAD,TCGA-G4-6317,TCGA-G4-6317-01A,Primary Tumor
ee39b41c-3969-4d71-b1f9-dfcce52d36f9,3381f3a8-9040-4ea7-bb84-76a043f5d6b0.FPKM.txt.gz,Transcriptome Profiling,Gene Expression Quantification,TCGA-COAD,TCGA-G4-6320,TCGA-G4-6320-01A,Primary Tumor
eff869e9-7601-44f1-bab7-f25cff149dd7,dd2f8e69-327d-453c-bbea-81b0bea7f977.FPKM.txt.gz,Transcriptome Profiling,Gene Expression Quantification,TCGA-COAD,TCGA-G4-6321,TCGA-G4-6321-01A,Primary Tumor
8f92ff1f-f87d-4840-88d4-2fb4ac312eb3,911f6378-8a25-4570-9d3b-80f5b5bfc085.FPKM.txt.gz,Transcriptome Profiling,Gene Expression Quantification,TCGA-COAD,TCGA-G4-6322,TCGA-G4-6322-01A,Primary Tumor
2968240f-c216-4577-98ba-11950f5125f8,49db2bf9-49aa-41d3-ae5d-3aaa26ff40fb.FPKM.txt.gz,Transcriptome Profiling,Gene Expression Quantification,TCGA-COAD,TCGA-G4-6323,TCGA-G4-6323-01A,Primary Tumor
5ccd1f91-e867-4614-b0d2-d5a5aeb2bb6f,08dd2c8c-537f-4d02-a4b8-9c123156f0d4.FPKM.txt.gz,Transcriptome Profiling,Gene Expression Quantification,TCGA-COAD,TCGA-G4-6586,TCGA-G4-6586-01A,Primary Tumor
f013b6e6-238f-4605-bb91-eb96ea8fc2e3,79f11db1-6893-410f-8fbb-8da2a54d0957.FPKM.txt.gz,Transcriptome Profiling,Gene Expression Quantification,TCGA-COAD,TCGA-G4-6588,TCGA-G4-6588-01A,Primary Tumor
a4e389d5-aa16-40cd-a16f-ca10d40e1135,9f43c5bf-0fc1-4339-81a2-1d315d6940e7.FPKM.txt.gz,Transcriptome Profiling,Gene Expression Quantification,TCGA-COAD,TCGA-G4-6625,TCGA-G4-6625-01A,Primary Tumor
cee1c33e-e9f9-4815-9647-d9045bf9f41e,cecce47d-5d1a-4473-bf62-48b9bf602534.FPKM.txt.gz,Transcriptome Profiling,Gene Expression Quantification,TCGA-COAD,TCGA-G4-6626,TCGA-G4-6626-01A,Primary Tumor
a9e572a9-e86e-4b27-be86-d3f1db706f11,a046b793-0eda-4c57-adfe-b8800ece1dab.FPKM.txt.gz,Transcriptome Profiling,Gene Expression Quantification,TCGA-COAD,TCGA-G4-6627,TCGA-G4-6627-01A,Primary Tumor
fb696493-f922-4920-a322-c8515aa00389,bb8a0f58-11e6-49dd-bdeb-0b7eb2fb05fc.FPKM.txt.gz,Transcriptome Profiling,Gene Expression Quantification,TCGA-COAD,TCGA-G4-6628,TCGA-G4-6628-01A,Primary Tumor
87f90535-bbbb-4e96-a0d8-0d3a6135e8cc,e52b5fe4-cdde-4176-a495-bff7c0f130bf.FPKM.txt.gz,Transcriptome Profiling,Gene Expression Quantification,TCGA-COAD,TCGA-NH-A50T,TCGA-NH-A50T-01A,Primary Tumor
c6180c01-1d6e-4d1c-930a-202d7b149f1a,06c8dfda-b057-47cb-b435-9c2739694f6a.FPKM.txt.gz,Transcriptome Profiling,Gene Expression Quantification,TCGA-COAD,TCGA-NH-A50U,TCGA-NH-A50U-01A,Primary Tumor
334a4c76-91da-47aa-b8fa-a84c71d45861,cb76d1df-ba6e-479d-8858-005c17c94613.FPKM.txt.gz,Transcriptome Profiling,Gene Expression Quantification,TCGA-COAD,TCGA-NH-A50V,TCGA-NH-A50V-01A,Primary Tumor
e55ff003-1f91-4729-b935-51bf5c73d175,7a0818ac-0f38-4e44-87da-55d812e447cd.FPKM.txt.gz,Transcriptome Profiling,Gene Expression Quantification,TCGA-COAD,TCGA-NH-A5IV,TCGA-NH-A5IV-01A,Primary Tumor
8577e471-b3a8-41f4-9b5f-9fb7c6116eb7,587e44e4-87ba-4981-a520-d20612486f53.FPKM.txt.gz,Transcriptome Profiling,Gene Expression Quantification,TCGA-COAD,TCGA-NH-A6GA,TCGA-NH-A6GA-01A,Primary Tumor
5ad28461-4b61-4e1e-a8d0-fd1036471e2c,075a759b-21e0-4cab-a6b2-c5d65f7ccdbc.FPKM.txt.gz,Transcriptome Profiling,Gene Expression Quantification,TCGA-COAD,TCGA-NH-A6GB,TCGA-NH-A6GB-01A,Primary Tumor
69514b2e-1e9e-4880-91c9-0cdf0e906783,b1868d9d-ef06-4353-883b-230dae23f8b6.FPKM.txt.gz,Transcriptome Profiling,Gene Expression Quantification,TCGA-COAD,TCGA-NH-A6GC,TCGA-NH-A6GC-01A,Primary Tumor
56fd109b-8e3a-4eec-86fa-d18f48eaed02,f38b2f21-c5a5-4699-9727-eae9c96aac55.FPKM.txt.gz,Transcriptome Profiling,Gene Expression Quantification,TCGA-COAD,TCGA-NH-A8F7,TCGA-NH-A8F7-01A,Primary Tumor
7a60db10-aac4-4aa1-b6f6-411a602539a1,a865bc94-a60d-4927-a842-8c0d6fced029.FPKM.txt.gz,Transcriptome Profiling,Gene Expression Quantification,TCGA-COAD,TCGA-NH-A8F8,TCGA-NH-A8F8-01A,Primary Tumor
e72a4691-3102-4057-847d-02e503a6dfda,f6893b7f-2472-416b-b137-33dae673d150.FPKM.txt.gz,Transcriptome Profiling,Gene Expression Quantification,TCGA-COAD,TCGA-QG-A5YV,TCGA-QG-A5YV-01A,Primary Tumor
e51e0a3d-07d2-4b04-aa23-a154fb2c14f4,9ab691dc-cbc9-4bc5-8bd9-865783762473.FPKM.txt.gz,Transcriptome Profiling,Gene Expression Quantification,TCGA-COAD,TCGA-QG-A5YW,TCGA-QG-A5YW-01A,Primary Tumor
e0263a92-1058-4d5a-afb8-44606782467f,3254c984-f9ec-4db5-9add-94489e000a62.FPKM.txt.gz,Transcriptome Profiling,Gene Expression Quantification,TCGA-COAD,TCGA-QG-A5YX,TCGA-QG-A5YX-01A,Primary Tumor
d27fc6ac-18e5-4315-a783-4396b88e0f51,dfeb2d54-28da-4521-b488-bdac246bb59b.FPKM.txt.gz,Transcriptome Profiling,Gene Expression Quantification,TCGA-COAD,TCGA-QG-A5Z1,TCGA-QG-A5Z1-01A,Primary Tumor
558f85da-a021-4c10-af50-091fa4976837,665cc2e6-600b-4557-911a-ad94340333aa.FPKM.txt.gz,Transcriptome Profiling,Gene Expression Quantification,TCGA-COAD,TCGA-QG-A5Z2,TCGA-QG-A5Z2-01A,Primary Tumor
ae17d807-0f79-4bfd-8345-244d86854333,e19da22a-2a4e-43ff-acff-12aeafa3a2c1.FPKM.txt.gz,Transcriptome Profiling,Gene Expression Quantification,TCGA-COAD,TCGA-QL-A97D,TCGA-QL-A97D-01A,Primary Tumor
2689fe66-d630-43da-8ab9-664ffec6e59c,a26d49db-2309-46a0-a3ed-275378d484e7.FPKM.txt.gz,Transcriptome Profiling,Gene Expression Quantification,TCGA-COAD,TCGA-RU-A8FL,TCGA-RU-A8FL-01A,Primary Tumor
3f9a46ca-9c27-49bc-9a70-8e0bcd5d3cff,fc822b3c-b73f-4529-960b-e3bdfcff80ed.FPKM.txt.gz,Transcriptome Profiling,Gene Expression Quantification,TCGA-COAD,TCGA-SS-A7HO,TCGA-SS-A7HO-01A,Primary Tumor
7d2d34c1-26a8-4a6e-816a-e68a78a36457,e158f016-7605-45b7-8e4f-bbe313fc461c.FPKM.txt.gz,Transcriptome Profiling,Gene Expression Quantification,TCGA-COAD,TCGA-T9-A92H,TCGA-T9-A92H-01A,Primary Tumor
e30e089a-4c93-448b-b285-860e49e01fa2,72a79a28-907d-42b8-9722-93448b87c3d2.FPKM.txt.gz,Transcriptome Profiling,Gene Expression Quantification,TCGA-COAD,TCGA-WS-AB45,TCGA-WS-AB45-01A,Primary Tumor
3a3f07af-9d7a-42f4-b751-84523037131d,21981535-9a4b-44ca-a3c0-3f52f4c0d29b.FPKM.txt.gz,Transcriptome Profiling,Gene Expression Quantification,TCGA-COAD,TCGA-A6-2671,TCGA-A6-2671-11A,Solid Tissue Normal
3e062580-633f-4979-a642-c78a6d10c023,5e2b0dc5-c09b-4334-9f2f-c8e75380d45c.FPKM.txt.gz,Transcriptome Profiling,Gene Expression Quantification,TCGA-COAD,TCGA-A6-2675,TCGA-A6-2675-11A,Solid Tissue Normal
5049f8de-e2b0-43e9-a38e-906102afe094,95e726db-5ccc-4836-a2ae-7feaddaf9f1b.FPKM.txt.gz,Transcriptome Profiling,Gene Expression Quantification,TCGA-COAD,TCGA-A6-2678,TCGA-A6-2678-11A,Solid Tissue Normal
03d984d8-17e3-40d1-8e48-406182a51a7f,f36f74a9-97b4-4913-86e2-56ebaf55f006.FPKM.txt.gz,Transcriptome Profiling,Gene Expression Quantification,TCGA-COAD,TCGA-A6-2679,TCGA-A6-2679-11A,Solid Tissue Normal
94520678-6480-4fbd-8444-59711148cb48,e4b288d5-b877-42fb-a525-8ed6424338db.FPKM.txt.gz,Transcriptome Profiling,Gene Expression Quantification,TCGA-COAD,TCGA-A6-2680,TCGA-A6-2680-11A,Solid Tissue Normal
b85ee5a5-56dc-4847-aa46-a34c854f42a8,c49cf84f-cb19-4e11-9a71-4825bc906382.FPKM.txt.gz,Transcriptome Profiling,Gene Expression Quantification,TCGA-COAD,TCGA-A6-2682,TCGA-A6-2682-11A,Solid Tissue Normal
ba97be52-eb36-4008-8313-68d5d1e37f9b,99b406a3-0ef1-4486-99a5-22a751aa5e1d.FPKM.txt.gz,Transcriptome Profiling,Gene Expression Quantification,TCGA-COAD,TCGA-A6-2683,TCGA-A6-2683-11A,Solid Tissue Normal
db3767e0-7cff-4680-90d9-e359824b2435,0eb3094b-b498-4f54-8772-f322d7057da2.FPKM.txt.gz,Transcriptome Profiling,Gene Expression Quantification,TCGA-COAD,TCGA-A6-2684,TCGA-A6-2684-11A,Solid Tissue Normal
d7dca648-0742-43ce-b25f-315d679ba0cb,70f99dbf-42bc-439c-b562-c51b8e54234e.FPKM.txt.gz,Transcriptome Profiling,Gene Expression Quantification,TCGA-COAD,TCGA-A6-2685,TCGA-A6-2685-11A,Solid Tissue Normal
5e704aa1-6cbb-458e-9b56-7654f5cfeddc,f6d0eda9-920f-4986-82fe-1a327e3bd209.FPKM.txt.gz,Transcriptome Profiling,Gene Expression Quantification,TCGA-COAD,TCGA-A6-2686,TCGA-A6-2686-11A,Solid Tissue Normal
0e030c29-a502-49de-acb0-f63abcd3eb2e,d60b1d68-c859-43af-b9bd-1a7dae06c804.FPKM.txt.gz,Transcriptome Profiling,Gene Expression Quantification,TCGA-COAD,TCGA-A6-5659,TCGA-A6-5659-11A,Solid Tissue Normal
78139bf5-bcbc-4456-9547-19bc8dfb2e01,f1fcd165-ddbc-44b8-b062-ae5199c53cba.FPKM.txt.gz,Transcriptome Profiling,Gene Expression Quantification,TCGA-COAD,TCGA-A6-5662,TCGA-A6-5662-11A,Solid Tissue Normal
4fbb907a-c881-49d4-8903-5bccee808a16,f5c9ea63-ff66-441a-9a6b-055fdcd7cae9.FPKM.txt.gz,Transcriptome Profiling,Gene Expression Quantification,TCGA-COAD,TCGA-A6-5665,TCGA-A6-5665-11A,Solid Tissue Normal
85b16394-7bf9-42a4-9dd3-509909bf607c,b41e03d7-e756-4eb9-9f6e-100164d981d2.FPKM.txt.gz,Transcriptome Profiling,Gene Expression Quantification,TCGA-COAD,TCGA-A6-5667,TCGA-A6-5667-11A,Solid Tissue Normal
6cf3044d-d7b0-424a-b31a-35bde244277c,636b2a02-fffa-441c-81fa-d6d0c5c5a270.FPKM.txt.gz,Transcriptome Profiling,Gene Expression Quantification,TCGA-COAD,TCGA-AA-3489,TCGA-AA-3489-11A,Solid Tissue Normal
5ffd404f-b8a9-4b00-99d9-119e6c63f44b,6f90946a-0a30-49e8-8699-7a8890c01aed.FPKM.txt.gz,Transcriptome Profiling,Gene Expression Quantification,TCGA-COAD,TCGA-AA-3496,TCGA-AA-3496-11A,Solid Tissue Normal
32aa0b5c-025c-44fb-8a87-953ad377027c,18ded814-596a-46ed-8f58-ba4141e5abb6.FPKM.txt.gz,Transcriptome Profiling,Gene Expression Quantification,TCGA-COAD,TCGA-AA-3511,TCGA-AA-3511-11A,Solid Tissue Normal
a97ad893-6ac0-426e-a114-e0e7525d63f4,0c788954-4a2f-405a-b0b1-8d8ec4e701fb.FPKM.txt.gz,Transcriptome Profiling,Gene Expression Quantification,TCGA-COAD,TCGA-AA-3514,TCGA-AA-3514-11A,Solid Tissue Normal
00a48a5d-b138-4504-a9ac-fb919cb81185,9e8b528b-1172-4c07-a09b-ebb23cf2310c.FPKM.txt.gz,Transcriptome Profiling,Gene Expression Quantification,TCGA-COAD,TCGA-AA-3516,TCGA-AA-3516-11A,Solid Tissue Normal
bbefd02d-cb5c-44f5-a614-af97392d2ec5,a1677081-1019-45b1-be7c-420ba066a421.FPKM.txt.gz,Transcriptome Profiling,Gene Expression Quantification,TCGA-COAD,TCGA-AA-3517,TCGA-AA-3517-11A,Solid Tissue Normal
c51bc75f-8abf-44c2-9e3f-4de0806bd2ee,2c1aca0d-6c50-4f1e-9edf-fec9ec32da69.FPKM.txt.gz,Transcriptome Profiling,Gene Expression Quantification,TCGA-COAD,TCGA-AA-3518,TCGA-AA-3518-11A,Solid Tissue Normal
f9672769-ed82-4f40-b6d3-7e4f51f8e636,938e4a22-7ed8-4b09-aa65-0cd737beee31.FPKM.txt.gz,Transcriptome Profiling,Gene Expression Quantification,TCGA-COAD,TCGA-AA-3520,TCGA-AA-3520-11A,Solid Tissue Normal
9db9668c-1b9d-491b-86ea-5d0952f1b904,ee4dcccc-514b-4cc6-ae63-6ed3e7519a40.FPKM.txt.gz,Transcriptome Profiling,Gene Expression Quantification,TCGA-COAD,TCGA-AA-3522,TCGA-AA-3522-11A,Solid Tissue Normal
b3729ad6-3303-49ca-a0e5-05b42ba44ebe,af65de12-4ba6-472d-ba11-22ee07004ba5.FPKM.txt.gz,Transcriptome Profiling,Gene Expression Quantification,TCGA-COAD,TCGA-AA-3525,TCGA-AA-3525-11A,Solid Tissue Normal
9b329b94-39cf-4f7d-ab2e-e62cb3fbbc29,52e5f11b-9a73-4535-9e4d-720fe8feca0a.FPKM.txt.gz,Transcriptome Profiling,Gene Expression Quantification,TCGA-COAD,TCGA-AA-3527,TCGA-AA-3527-11A,Solid Tissue Normal
a003e805-7539-4099-b1c0-95c4fde267ba,583c83ca-b9dd-46d2-811d-a4cde176ee24.FPKM.txt.gz,Transcriptome Profiling,Gene Expression Quantification,TCGA-COAD,TCGA-AA-3531,TCGA-AA-3531-11A,Solid Tissue Normal
3775096d-c488-45b5-a1d4-7db3e9fb003e,de808f1a-676c-4bda-afcb-bf61577324f7.FPKM.txt.gz,Transcriptome Profiling,Gene Expression Quantification,TCGA-COAD,TCGA-AA-3534,TCGA-AA-3534-11A,Solid Tissue Normal
8a9e8c7a-27e4-4703-8e4b-e60c632e81eb,3793cde5-8027-46ad-9003-6a9a43076764.FPKM.txt.gz,Transcriptome Profiling,Gene Expression Quantification,TCGA-COAD,TCGA-AA-3655,TCGA-AA-3655-11A,Solid Tissue Normal
47e54a50-b5a5-40a5-be6a-887e48c3823a,b5af6c19-ecab-408b-bae2-53909b7135b4.FPKM.txt.gz,Transcriptome Profiling,Gene Expression Quantification,TCGA-COAD,TCGA-AA-3660,TCGA-AA-3660-11A,Solid Tissue Normal
aa4579d6-41e3-49d7-b6a7-cc03c4802470,09f2bb20-909e-4929-8a79-c64c7fb2af31.FPKM.txt.gz,Transcriptome Profiling,Gene Expression Quantification,TCGA-COAD,TCGA-AA-3662,TCGA-AA-3662-11A,Solid Tissue Normal
a9215626-5519-4741-aaa5-c93de23d01d7,4d45166b-ea6e-4e27-8d91-bda8135b87c8.FPKM.txt.gz,Transcriptome Profiling,Gene Expression Quantification,TCGA-COAD,TCGA-AA-3663,TCGA-AA-3663-11A,Solid Tissue Normal
ba5d9bc0-5d92-417a-a171-5c2235579397,ace439dd-127d-4f64-8028-506fd5ea03de.FPKM.txt.gz,Transcriptome Profiling,Gene Expression Quantification,TCGA-COAD,TCGA-AA-3697,TCGA-AA-3697-11A,Solid Tissue Normal
6ad92516-6a8f-49e9-aea5-63888bb10594,dd9a3ab6-6c93-4b47-9b4e-62e56767054b.FPKM.txt.gz,Transcriptome Profiling,Gene Expression Quantification,TCGA-COAD,TCGA-AA-3712,TCGA-AA-3712-11A,Solid Tissue Normal
d13e04a4-bed5-4f78-8692-510cade20686,c789f723-e543-4b62-98b4-444e5079fa71.FPKM.txt.gz,Transcriptome Profiling,Gene Expression Quantification,TCGA-COAD,TCGA-AA-3713,TCGA-AA-3713-11A,Solid Tissue Normal
cf78cd31-4eb0-4241-b7fa-fab051ba971b,e82223ad-33c0-47fd-b0f2-982da64d0cb2.FPKM.txt.gz,Transcriptome Profiling,Gene Expression Quantification,TCGA-COAD,TCGA-AZ-6598,TCGA-AZ-6598-11A,Solid Tissue Normal
6bd4d7b4-8e6a-4cd6-9142-f464c463343a,a42c7fc3-4f41-4b15-b1ec-2108fa916f6a.FPKM.txt.gz,Transcriptome Profiling,Gene Expression Quantification,TCGA-COAD,TCGA-AZ-6599,TCGA-AZ-6599-11A,Solid Tissue Normal
685dc74c-ca27-4a1c-b88d-d6f3a7c3f78e,1b843dbb-5ef0-47ca-9783-dbeb94aa6df3.FPKM.txt.gz,Transcriptome Profiling,Gene Expression Quantification,TCGA-COAD,TCGA-AZ-6600,TCGA-AZ-6600-11A,Solid Tissue Normal
f81245dd-bc9d-4215-8c2a-5a9e46383e7c,7b2cd944-1cd6-4107-8aa6-11913ee32257.FPKM.txt.gz,Transcriptome Profiling,Gene Expression Quantification,TCGA-COAD,TCGA-AZ-6601,TCGA-AZ-6601-11A,Solid Tissue Normal
fecf9c78-9ba8-49ee-9d21-993f63c34629,6e0407fb-7b98-4cc8-a6f0-f6e7f5935eca.FPKM.txt.gz,Transcriptome Profiling,Gene Expression Quantification,TCGA-COAD,TCGA-AZ-6603,TCGA-AZ-6603-11A,Solid Tissue Normal
867916d3-db83-4dfd-a1d6-c9db439e93d8,d4702ec9-068f-415a-832e-ed72eaa38699.FPKM.txt.gz,Transcriptome Profiling,Gene Expression Quantification,TCGA-COAD,TCGA-AZ-6605,TCGA-AZ-6605-11A,Solid Tissue Normal
17c516e3-e122-43ad-bad2-a3e8a113e82c,72c3c054-1cce-46be-a01c-86b96aeea1f8.FPKM.txt.gz,Transcriptome Profiling,Gene Expression Quantification,TCGA-COAD,TCGA-F4-6704,TCGA-F4-6704-11A,Solid Tissue Normal
